iteration,runner id,assimilation cycle,state id,timesteps,compute walltime (ms),idle walltime (ms),idle + compute walltime(ms)
0,0,-2,-1,0,772.095,0,772.095
1,0,1,0,1,1799.59,0.912592,1800.5
2,0,1,1,1,1298.71,1.29095,1300
3,0,1,2,1,842.295,1.18227,843.478
iteration,runner id,assimilation cycle,state id,timesteps,compute walltime (ms),idle walltime (ms),idle + compute walltime(ms)
0,0,-2,-1,0,1586.13,0,1586.13
1,0,1,0,1,670.312,1.56356,671.876
2,0,1,1,1,1934.04,1.10789,1935.15
3,0,1,2,1,1795.9,2.24977,1798.15
4,0,2,0,1,1310.39,1.2879,1311.68
5,0,2,1,1,844.672,0.593857,845.266
6,0,2,2,1,865.524,1.29861,866.822
7,0,3,0,1,54.4618,576.405,630.867
8,0,3,1,1,2167.65,0.871976,2168.52
9,0,3,2,1,118.565,1.21951,119.785
10,0,4,0,1,1526.09,1.50482,1527.59
11,0,4,1,1,1852.57,1.04958,1853.62
12,0,4,2,1,1086.29,0.871336,1087.16
13,0,5,0,1,852.472,447.449,1299.92
14,0,5,1,1,1342.57,2.13966,1344.71
15,0,5,2,1,2207.04,1.23722,2208.28
16,0,6,0,1,422.895,1.38986,424.285
17,0,6,1,1,736.874,1.63688,738.51
18,0,6,2,1,1869.91,0.421656,1870.33
19,0,7,0,1,858.772,1.36858,860.14
20,0,7,1,1,1564.74,1.25459,1565.99
21,0,7,2,1,1060.33,0.896482,1061.23
22,0,8,0,1,1724.74,1.59035,1726.33
23,0,8,1,1,246.986,1.58519,248.572
24,0,8,2,1,947.617,0.712959,948.33
25,0,9,0,1,270.816,1591.11,1861.93
26,0,9,1,1,1860.49,1.1759,1861.66
27,0,9,2,1,1604.09,1.76031,1605.85
28,0,10,0,1,44.3075,1.6352,45.9427
29,0,10,1,1,1929.33,1.18304,1930.52
30,0,10,2,1,1628.76,0.542939,1629.31
iteration,runner id,assimilation cycle,state id,timesteps,compute walltime (ms),idle walltime (ms),idle + compute walltime(ms)
0,0,-2,-1,0,1586.23,0,1586.23
1,0,1,0,1,670.506,1.68254,672.188
2,0,1,1,1,1934.42,1.22308,1935.64
3,0,1,2,1,1794.58,0.764357,1795.35
4,0,2,0,1,1298.32,1.1022,1299.42
5,0,2,1,1,842.375,1.42813,843.803
6,0,2,2,1,879.967,0.531619,880.499
7,0,3,0,1,54.7833,575.243,630.026
8,0,3,1,1,2167.66,1.16854,2168.83
9,0,3,2,1,118.425,1.25134,119.676
10,0,4,0,1,1526.32,3.51156,1529.83
11,0,4,1,1,1852.94,1.02473,1853.96
12,0,4,2,1,1080.36,0.945724,1081.31
13,0,5,0,1,852.594,446.947,1299.54
14,0,5,1,1,1343.56,1.21247,1344.77
15,0,5,2,1,2207.67,0.605286,2208.28
16,0,6,0,1,423.153,1.47212,424.625
17,0,6,1,1,736.475,1.29349,737.768
18,0,6,2,1,1869.19,1.02673,1870.22
19,0,7,0,1,858.408,1.65293,860.061
20,0,7,1,1,1564.79,1.55278,1566.34
21,0,7,2,1,1060.73,0.928424,1061.66
22,0,8,0,1,1726.76,1.66793,1728.43
23,0,8,1,1,246.676,1.3131,247.989
24,0,8,2,1,946.927,1.18143,948.109
25,0,9,0,1,271.009,1591.36,1862.37
26,0,9,1,1,1858.98,1.22385,1860.21
27,0,9,2,1,1604.53,0.959266,1605.49
28,0,10,0,1,44.7319,1.16727,45.8991
29,0,10,1,1,1929.28,1.48686,1930.77
30,0,10,2,1,1625.95,0.77794,1626.73
iteration,runner id,assimilation cycle,state id,timesteps,compute walltime (ms),idle walltime (ms),idle + compute walltime(ms)
0,0,-2,-1,0,1586.96,0,1586.96
1,0,1,0,1,670.305,2.06469,672.37
2,0,1,1,1,1931.84,2.29072,1934.13
3,0,1,2,1,1794.14,4.07657,1798.22
4,0,2,0,1,1308.79,3.90952,1312.7
5,0,2,1,1,849.23,0.890235,850.12
6,0,2,2,1,865.762,1.89051,867.652
7,0,3,0,1,55.4737,575.542,631.015
8,0,3,1,1,2166.44,2.27809,2168.72
9,0,3,2,1,118.597,3.52539,122.122
10,0,4,0,1,1527.24,2.19147,1529.43
11,0,4,1,1,1852.57,2.81934,1855.39
12,0,4,2,1,1086.47,3.46457,1089.93
13,0,5,0,1,852.397,448.874,1301.27
14,0,5,1,1,1379.27,0.645816,1379.92
15,0,5,2,1,2207.63,0.593703,2208.22
16,0,6,0,1,424.996,3.13424,428.13
17,0,6,1,1,737.181,3.98347,741.164
18,0,6,2,1,1869.41,0.707018,1870.12
19,0,7,0,1,858.32,3.28357,861.603
20,0,7,1,1,1567.67,2.33621,1570.01
21,0,7,2,1,1062.49,2.83988,1065.33
22,0,8,0,1,1730.91,1.62397,1732.53
23,0,8,1,1,253.193,1.46794,254.661
24,0,8,2,1,945.251,2.99237,948.243
25,0,9,0,1,271.43,1591.64,1863.07
26,0,9,1,1,1859.8,2.84232,1862.64
27,0,9,2,1,1605.6,1.72965,1607.33
28,0,10,0,1,45.2223,2.50393,47.7262
29,0,10,1,1,1930.53,0.662713,1931.19
30,0,10,2,1,1626.23,0.450685,1626.68
iteration,runner id,assimilation cycle,state id,timesteps,compute walltime (ms),idle walltime (ms),idle + compute walltime(ms)
0,0,-2,-1,0,1586.65,0,1586.65
1,0,1,0,1,670.376,1.95396,672.33
2,0,1,1,1,1934.35,1.09068,1935.44
3,0,1,2,1,1799.81,0.751942,1800.57
4,0,2,0,1,1299.77,5.45229,1305.22
5,0,2,1,1,842.953,0.795149,843.749
6,0,2,2,1,864.415,2.33671,866.752
7,0,3,0,1,59.6895,576.358,636.047
8,0,3,1,1,2162.95,5.2972,2168.24
9,0,3,2,1,121.219,0.927782,122.147
10,0,4,0,1,1526.2,1.5619,1527.76
11,0,4,1,1,1855.05,3.64119,1858.69
12,0,4,2,1,1082.55,1.87741,1084.42
13,0,5,0,1,852.645,447.811,1300.46
14,0,5,1,1,1340.43,4.15552,1344.58
15,0,5,2,1,2215.58,2.22402,2217.8
16,0,6,0,1,422.546,1.81724,424.363
17,0,6,1,1,742.179,2.88359,745.063
18,0,6,2,1,1868.36,2.08837,1870.44
19,0,7,0,1,865.475,2.73954,868.215
20,0,7,1,1,1570.87,2.38362,1573.26
21,0,7,2,1,1067.28,1.29981,1068.58
22,0,8,0,1,1728.61,1.15429,1729.77
23,0,8,1,1,251.98,3.58334,255.563
24,0,8,2,1,949.495,0.552919,950.048
25,0,9,0,1,272.413,1592.1,1864.51
26,0,9,1,1,1860.72,0.833357,1861.55
27,0,9,2,1,1605.59,2.54394,1608.14
28,0,10,0,1,50.2398,9.38464,59.6245
29,0,10,1,1,1927.65,3.26497,1930.92
30,0,10,2,1,1623.77,2.40155,1626.17
iteration,runner id,assimilation cycle,state id,timesteps,compute walltime (ms),idle walltime (ms),idle + compute walltime(ms)
0,0,-2,-1,0,1586.09,0,1586.09
1,0,1,0,1,677.993,6.08594,684.079
2,0,1,1,1,1934.14,2.46502,1936.6
3,0,1,2,1,1788.66,6.29813,1794.96
4,0,2,0,1,1306.38,2.543,1308.92
5,0,2,1,1,853.512,2.34165,855.854
6,0,2,2,1,871.164,1.70488,872.868
7,0,3,0,1,59.0434,577.315,636.359
8,0,3,1,1,2166.07,2.80153,2168.87
9,0,3,2,1,119.097,6.02167,125.119
10,0,4,0,1,1528.06,2.46866,1530.53
11,0,4,1,1,1860.88,2.04654,1862.92
12,0,4,2,1,1080.55,14.1272,1094.68
13,0,5,0,1,855.837,447.486,1303.32
14,0,5,1,1,1342.98,1.76924,1344.75
15,0,5,2,1,2205.41,2.69792,2208.11
16,0,6,0,1,428.892,2.22469,431.117
17,0,6,1,1,742.922,1.18068,744.103
18,0,6,2,1,1868.22,2.36811,1870.58
19,0,7,0,1,859.024,3.03917,862.064
20,0,7,1,1,1565.41,2.96297,1568.38
21,0,7,2,1,1063.55,3.1295,1066.68
22,0,8,0,1,1724.23,5.06567,1729.29
23,0,8,1,1,250.685,1.69806,252.383
24,0,8,2,1,948.044,1.34024,949.384
25,0,9,0,1,273.121,1590.95,1864.07
26,0,9,1,1,1866.19,4.57421,1870.76
27,0,9,2,1,1609.97,0.434882,1610.41
28,0,10,0,1,45.2977,5.14398,50.4417
29,0,10,1,1,1930.14,1.46507,1931.61
30,0,10,2,1,1625.05,1.14631,1626.19
iteration,runner id,assimilation cycle,state id,timesteps,compute walltime (ms),idle walltime (ms),idle + compute walltime(ms)
0,0,-2,-1,0,1586.11,0,1586.11
1,0,1,0,1,684.526,6.59575,691.121
2,0,1,1,1,1931.94,2.00055,1933.94
3,0,1,2,1,1794.86,1.95254,1796.81
4,0,2,0,1,1318.34,1.85724,1320.19
5,0,2,1,1,842.4,6.26077,848.661
6,0,2,2,1,864.141,2.1986,866.339
7,0,3,0,1,61.8207,576.024,637.845
8,0,3,1,1,2169.3,0.743505,2170.04
9,0,3,2,1,124.065,3.27208,127.337
10,0,4,0,1,1533.03,5.31841,1538.35
11,0,4,1,1,1866.91,25.9708,1892.88
12,0,4,2,1,1084.35,0.755141,1085.1
13,0,5,0,1,852.344,447.277,1299.62
14,0,5,1,1,1343.83,5.25406,1349.09
15,0,5,2,1,2205.27,2.92248,2208.19
16,0,6,0,1,429.558,7.04255,436.6
17,0,6,1,1,750.297,1.87052,752.167
18,0,6,2,1,1868.75,1.87627,1870.63
19,0,7,0,1,861.843,3.21581,865.058
20,0,7,1,1,1566.85,5.67868,1572.53
21,0,7,2,1,1060.69,6.28309,1066.98
22,0,8,0,1,1725.89,3.53377,1729.42
23,0,8,1,1,248.321,3.93235,252.254
24,0,8,2,1,946.94,0.89114,947.831
25,0,9,0,1,270.212,1591.35,1861.56
26,0,9,1,1,1869.86,1.77627,1871.63
27,0,9,2,1,1604.77,0.635488,1605.41
28,0,10,0,1,53.9385,4.12328,58.0618
29,0,10,1,1,1930.07,2.10159,1932.18
30,0,10,2,1,1622.91,3.17971,1626.09
iteration,runner id,assimilation cycle,state id,timesteps,compute walltime (ms),idle walltime (ms),idle + compute walltime(ms)
0,0,-2,-1,0,1586.12,0,1586.12
1,0,1,0,1,670.323,0.936789,671.26
2,0,1,1,1,1932.56,2.41647,1934.98
3,0,1,2,1,1796.81,3.03097,1799.84
4,0,2,0,1,1301.99,6.09284,1308.09
5,0,2,1,1,848.907,2.52554,851.433
6,0,2,2,1,870.917,1.29048,872.208
7,0,3,0,1,60.2728,576.597,636.869
8,0,3,1,1,2176.13,1.82921,2177.96
9,0,3,2,1,118.651,3.08692,121.738
10,0,4,0,1,1528.33,1.61784,1529.95
11,0,4,1,1,1854.7,2.28861,1856.99
12,0,4,2,1,1081.36,0.54992,1081.91
13,0,5,0,1,855.495,449.51,1305.01
14,0,5,1,1,1342.2,4.41275,1346.61
15,0,5,2,1,2207.22,1.00138,2208.22
16,0,6,0,1,425.41,3.01607,428.426
17,0,6,1,1,747.462,0.827304,748.289
18,0,6,2,1,1868.8,1.3237,1870.12
19,0,7,0,1,858.193,3.06256,861.256
20,0,7,1,1,1567.45,1.99816,1569.44
21,0,7,2,1,1061.01,3.26981,1064.28
22,0,8,0,1,1732.46,3.09762,1735.56
23,0,8,1,1,258.305,2.07354,260.379
24,0,8,2,1,946.807,2.27609,949.084
25,0,9,0,1,270.581,1592.58,1863.16
26,0,9,1,1,1860.03,0.970351,1861.01
27,0,9,2,1,1606.14,1.3578,1607.5
28,0,10,0,1,44.8592,6.34152,51.2008
29,0,10,1,1,1932.97,2.03885,1935.01
30,0,10,2,1,1626.3,0.719024,1627.01
iteration,runner id,assimilation cycle,state id,timesteps,compute walltime (ms),idle walltime (ms),idle + compute walltime(ms)
0,0,-2,-1,0,1586.23,0,1586.23
1,0,1,0,1,678.646,4.92275,683.568
2,0,1,1,1,1934.17,3.01814,1937.19
3,0,1,2,1,1796.76,1.26269,1798.02
4,0,2,0,1,1299.02,2.15264,1301.17
5,0,2,1,1,854.218,1.47123,855.689
6,0,2,2,1,865.755,1.31633,867.072
7,0,3,0,1,64.5496,575.093,639.643
8,0,3,1,1,2167.64,2.29731,2169.94
9,0,3,2,1,124.943,6.35887,131.302
10,0,4,0,1,1527.3,4.85856,1532.16
11,0,4,1,1,1859.9,2.1733,1862.08
12,0,4,2,1,1083.41,0.757843,1084.17
13,0,5,0,1,852.896,450.869,1303.77
14,0,5,1,1,1342.22,2.26931,1344.49
15,0,5,2,1,2206.29,1.88147,2208.17
16,0,6,0,1,422.179,4.39192,426.571
17,0,6,1,1,745.424,3.24981,748.674
18,0,6,2,1,1867.36,4.03525,1871.4
19,0,7,0,1,859.286,3.98138,863.267
20,0,7,1,1,1567.71,3.09448,1570.81
21,0,7,2,1,1065,1.03767,1066.04
22,0,8,0,1,1763.03,3.16703,1766.2
23,0,8,1,1,246.691,5.50949,252.2
24,0,8,2,1,946.978,1.20561,948.184
25,0,9,0,1,271.625,1592.5,1864.12
26,0,9,1,1,1862.17,3.05341,1865.22
27,0,9,2,1,1604.26,3.64831,1607.91
28,0,10,0,1,50.7695,5.05312,55.8226
29,0,10,1,1,1926.22,4.25325,1930.47
30,0,10,2,1,1621.57,4.73874,1626.31
iteration,runner id,assimilation cycle,state id,timesteps,compute walltime (ms),idle walltime (ms),idle + compute walltime(ms)
0,0,-2,-1,0,1586.16,0,1586.16
1,0,1,0,1,675.274,2.26832,677.542
2,0,1,1,1,1933.04,1.5441,1934.59
3,0,1,2,1,1803.77,1.06123,1804.83
4,0,1,3,1,1305.8,4.23416,1310.03
5,0,1,4,1,861.408,1.59551,863.004
6,0,2,0,1,725.069,144.369,869.438
7,0,2,1,1,623.218,4.43807,627.656
8,0,2,2,1,2166.94,1.4164,2168.36
9,0,2,3,1,128.52,1.5053,130.026
10,0,2,4,1,1530.2,1.18578,1531.39
11,0,3,0,1,1854.95,2.6372,1857.59
12,0,3,1,1,1091.31,2.27756,1093.59
13,0,3,2,1,1298.48,0.858813,1299.34
14,0,3,3,1,1343.12,1.45949,1344.58
15,0,3,4,1,2204,4.37997,2208.38
16,0,4,0,1,428.019,4.89271,432.912
17,0,4,1,1,744.036,2.69367,746.729
18,0,4,2,1,1870.79,1.30328,1872.09
19,0,4,3,1,866.396,3.85097,870.247
20,0,4,4,1,1570.01,0.50203,1570.52
21,0,5,0,1,1067.88,2.66963,1070.55
22,0,5,1,1,1729.75,2.74499,1732.49
23,0,5,2,1,259.301,6.48345,265.785
24,0,5,3,1,945.754,3.54692,949.301
25,0,5,4,1,1860.15,0.851866,1861
26,0,6,0,1,1859.17,1.01523,1860.19
27,0,6,1,1,1607.11,1.89332,1609
28,0,6,2,1,49.0566,1.40793,50.4645
29,0,6,3,1,1927.13,3.38666,1930.52
30,0,6,4,1,1622.39,4.87785,1627.27
31,0,7,0,1,336.338,1.27368,337.612
32,0,7,1,1,792.354,1.93182,794.286
33,0,7,2,1,916.605,5.05099,921.656
34,0,7,3,1,26.4372,2.94581,29.383
35,0,7,4,1,847.272,1.33183,848.603
36,0,8,0,1,458.114,835.075,1293.19
37,0,8,1,1,749.073,2.16831,751.242
38,0,8,2,1,849.009,0.986272,849.995
39,0,8,3,1,1839.87,1.57452,1841.45
40,0,8,4,1,1579.33,2.33052,1581.66
41,0,9,0,1,1083.9,6.06396,1089.96
42,0,9,1,1,1162.13,2.21479,1164.34
43,0,9,2,1,1820.91,0.806773,1821.72
44,0,9,3,1,1054.86,3.01587,1057.88
45,0,9,4,1,749.181,3.89545,753.077
46,0,10,0,1,827.73,4.23172,831.962
47,0,10,1,1,1059.67,3.11462,1062.78
48,0,10,2,1,193.074,2.75068,195.825
49,0,10,3,1,2604.33,1.15625,2605.49
50,0,10,4,1,1915,1.28885,1916.28
iteration,runner id,assimilation cycle,state id,timesteps,compute walltime (ms),idle walltime (ms),idle + compute walltime(ms)
0,0,-2,-1,0,1586.38,0,1586.38
1,0,1,0,1,676.602,2.01195,678.614
2,0,1,1,1,1931.31,1.3076,1932.62
3,0,1,2,1,1790.57,7.40847,1797.98
4,0,1,3,1,1302.17,1.09955,1303.27
5,0,1,4,1,847.8,2.87037,850.67
6,0,2,0,1,724.543,143.315,867.858
7,0,2,1,1,627.108,2.46868,629.577
8,0,2,2,1,2167.92,0.669344,2168.58
9,0,2,3,1,130.854,2.00996,132.864
10,0,2,4,1,1527.32,1.95485,1529.28
11,0,3,0,1,1853.69,5.65796,1859.35
12,0,3,1,1,1090.5,1.01781,1091.52
13,0,3,2,1,1295.92,2.25036,1298.17
14,0,3,3,1,1342.51,2.14472,1344.66
15,0,3,4,1,2205.2,2.85634,2208.06
16,0,4,0,1,431.055,1.28537,432.341
17,0,4,1,1,737.807,1.16214,738.969
18,0,4,2,1,1868.71,2.55731,1871.27
19,0,4,3,1,863.165,5.14534,868.31
20,0,4,4,1,1565.28,1.40732,1566.69
21,0,5,0,1,1066.52,5.55383,1072.07
22,0,5,1,1,1726.97,2.02388,1728.99
23,0,5,2,1,256.148,1.20956,257.357
24,0,5,3,1,944.489,3.90308,948.392
25,0,5,4,1,1855.18,5.09919,1860.28
26,0,6,0,1,1863.99,1.44007,1865.43
27,0,6,1,1,1608.11,3.59945,1611.71
28,0,6,2,1,44.6007,0.976118,45.5768
29,0,6,3,1,1931.74,1.23245,1932.97
30,0,6,4,1,1627.05,1.024,1628.07
31,0,7,0,1,339.995,4.26718,344.262
32,0,7,1,1,789.826,2.33067,792.156
33,0,7,2,1,918.348,0.894668,919.243
34,0,7,3,1,25.3398,1.92753,27.2673
35,0,7,4,1,846.773,1.87089,848.644
36,0,8,0,1,458.565,829.678,1288.24
37,0,8,1,1,755.97,2.13424,758.104
38,0,8,2,1,843.948,3.9766,847.925
39,0,8,3,1,1838.3,2.07146,1840.37
40,0,8,4,1,1569.01,1.53518,1570.55
41,0,9,0,1,1076.68,2.30068,1078.98
42,0,9,1,1,1165.02,1.2101,1166.23
43,0,9,2,1,1822.1,0.942395,1823.04
44,0,9,3,1,1060.49,0.833804,1061.33
45,0,9,4,1,750.187,1.53029,751.718
46,0,10,0,1,832.448,4.59983,837.048
47,0,10,1,1,1055.68,3.09253,1058.78
48,0,10,2,1,189.573,1.72266,191.295
49,0,10,3,1,2604.5,3.04686,2607.54
50,0,10,4,1,1918.89,1.85699,1920.75
iteration,runner id,assimilation cycle,state id,timesteps,compute walltime (ms),idle walltime (ms),idle + compute walltime(ms)
0,0,-2,-1,0,1586.07,0,1586.07
1,0,1,0,1,670.268,8.03155,678.3
2,0,1,1,1,1933.73,1.78575,1935.52
3,0,1,2,1,1794.23,3.52938,1797.76
4,0,1,3,1,1304.58,3.13017,1307.71
5,0,1,4,1,848.113,3.0471,851.16
6,0,2,0,1,726.472,143.339,869.811
7,0,2,1,1,625.504,3.89916,629.403
8,0,2,2,1,2165.65,8.38793,2174.04
9,0,2,3,1,118.433,0.671248,119.104
10,0,2,4,1,1526.43,0.877961,1527.31
11,0,3,0,1,1854.01,2.09048,1856.1
12,0,3,1,1,1087.01,3.32614,1090.34
13,0,3,2,1,1294.32,0.838809,1295.16
14,0,3,3,1,1340.79,3.9326,1344.72
15,0,3,4,1,2208.23,1.30344,2209.53
16,0,4,0,1,425.729,1.38101,427.11
17,0,4,1,1,744.756,2.46043,747.217
18,0,4,2,1,1870.12,0.894611,1871.01
19,0,4,3,1,865.761,1.32138,867.082
20,0,4,4,1,1569.08,0.934061,1570.02
21,0,5,0,1,1068.12,3.17008,1071.29
22,0,5,1,1,1726.55,4.29337,1730.84
23,0,5,2,1,246.395,1.9607,248.356
24,0,5,3,1,946.882,2.00014,948.882
25,0,5,4,1,1858.53,2.97724,1861.51
26,0,6,0,1,1859.61,8.53127,1868.14
27,0,6,1,1,1605.06,4.2139,1609.28
28,0,6,2,1,44.1015,6.93699,51.0384
29,0,6,3,1,1927.61,2.80683,1930.42
30,0,6,4,1,1626.11,1.22551,1627.34
31,0,7,0,1,335.548,1.58284,337.13
32,0,7,1,1,787.948,4.93309,792.881
33,0,7,2,1,927.72,2.56985,930.29
34,0,7,3,1,29.7049,1.05746,30.7624
35,0,7,4,1,847.443,1.43344,848.876
36,0,8,0,1,470.632,831.953,1302.59
37,0,8,1,1,751.033,1.76012,752.793
38,0,8,2,1,849.493,2.48458,851.977
39,0,8,3,1,1838.14,4.30767,1842.44
40,0,8,4,1,1568.82,2.91963,1571.74
41,0,9,0,1,1074.2,5.52049,1079.72
42,0,9,1,1,1159.21,1.75921,1160.97
43,0,9,2,1,1817.69,2.69706,1820.39
44,0,9,3,1,1055.94,1.97852,1057.92
45,0,9,4,1,741.235,2.85664,744.091
46,0,10,0,1,828.762,2.02187,830.784
47,0,10,1,1,1063.65,1.83383,1065.48
48,0,10,2,1,190.376,1.17631,191.552
49,0,10,3,1,2601.66,2.82926,2604.49
50,0,10,4,1,1919.08,3.90033,1922.98
iteration,runner id,assimilation cycle,state id,timesteps,compute walltime (ms),idle walltime (ms),idle + compute walltime(ms)
0,0,-2,-1,0,1586.52,0,1586.52
1,0,1,0,1,680.296,1.25712,681.553
2,0,1,1,1,1932.85,1.12798,1933.98
3,0,1,2,1,1794.06,2.50659,1796.57
4,0,1,3,1,1304.8,1.00765,1305.81
5,0,1,4,1,843.948,1.32035,845.268
6,0,2,0,1,725.845,143.37,869.215
7,0,2,1,1,626.904,2.13609,629.04
8,0,2,2,1,2187.12,1.48009,2188.6
9,0,2,3,1,119.774,0.689144,120.463
10,0,2,4,1,1526.74,1.235,1527.98
11,0,3,0,1,1858.99,3.65403,1862.65
12,0,3,1,1,1088.13,1.32815,1089.46
13,0,3,2,1,1295.77,1.78178,1297.55
14,0,3,3,1,1338.43,5.86518,1344.3
15,0,3,4,1,2204.65,3.91445,2208.56
16,0,4,0,1,427.208,6.00237,433.211
17,0,4,1,1,737.82,2.80219,740.622
18,0,4,2,1,1869.95,3.07063,1873.02
19,0,4,3,1,858.421,3.00605,861.427
20,0,4,4,1,1564.54,2.50908,1567.05
21,0,5,0,1,1073.95,2.23566,1076.18
22,0,5,1,1,1737.22,2.36775,1739.59
23,0,5,2,1,255.168,0.607483,255.775
24,0,5,3,1,944.431,5.44516,949.876
25,0,5,4,1,1854.32,7.74769,1862.07
26,0,6,0,1,1865.64,2.21835,1867.86
27,0,6,1,1,1605.7,4.15069,1609.85
28,0,6,2,1,46.1852,1.59966,47.7849
29,0,6,3,1,1931.85,0.666302,1932.51
30,0,6,4,1,1625.84,1.95558,1627.79
31,0,7,0,1,334.266,7.37008,341.636
32,0,7,1,1,789.051,3.8219,792.873
33,0,7,2,1,923.062,2.99912,926.061
34,0,7,3,1,30.0422,3.70679,33.749
35,0,7,4,1,848.024,2.06007,850.084
36,0,8,0,1,465.009,829.503,1294.51
37,0,8,1,1,750.316,1.42339,751.74
38,0,8,2,1,849.349,1.05325,850.402
39,0,8,3,1,1839.75,2.24985,1842
40,0,8,4,1,1574.22,2.21772,1576.43
41,0,9,0,1,1074.72,2.83054,1077.55
42,0,9,1,1,1157.08,2.81158,1159.89
43,0,9,2,1,1817.44,3.58924,1821.03
44,0,9,3,1,1057.73,1.47272,1059.2
45,0,9,4,1,745.848,1.24518,747.094
46,0,10,0,1,835.587,11.8451,847.432
47,0,10,1,1,1055.67,3.05288,1058.72
48,0,10,2,1,186.896,1.61828,188.514
49,0,10,3,1,2603.25,1.67165,2604.92
50,0,10,4,1,1912.37,3.61209,1915.98
iteration,runner id,assimilation cycle,state id,timesteps,compute walltime (ms),idle walltime (ms),idle + compute walltime(ms)
0,0,-2,-1,0,1586.64,0,1586.64
1,0,1,0,1,673.568,0.859442,674.427
2,0,1,1,1,1933.97,1.50776,1935.48
3,0,1,2,1,1794.48,3.61719,1798.1
4,0,1,3,1,1303.55,3.41174,1306.96
5,0,1,4,1,845.231,1.12628,846.358
6,0,2,0,1,728.595,146.807,875.403
7,0,2,1,1,632.482,2.21412,634.696
8,0,2,2,1,2168.27,0.776578,2169.05
9,0,2,3,1,119.695,16.1181,135.813
10,0,2,4,1,1526.08,3.2892,1529.37
11,0,3,0,1,1853.95,10.9138,1864.86
12,0,3,1,1,1087.9,2.05487,1089.96
13,0,3,2,1,1294.93,2.66142,1297.59
14,0,3,3,1,1344.61,0.879409,1345.49
15,0,3,4,1,2201.02,7.55041,2208.57
16,0,4,0,1,429.875,3.01351,432.888
17,0,4,1,1,743.71,3.86308,747.574
18,0,4,2,1,1867.61,2.45356,1870.07
19,0,4,3,1,865.265,1.2768,866.542
20,0,4,4,1,1572.85,1.92452,1574.77
21,0,5,0,1,1060.88,5.08871,1065.97
22,0,5,1,1,1732.29,0.976675,1733.27
23,0,5,2,1,246.934,3.05926,249.993
24,0,5,3,1,944.647,3.6479,948.295
25,0,5,4,1,1859.02,1.45069,1860.47
26,0,6,0,1,1867.09,9.76345,1876.86
27,0,6,1,1,1612.81,1.41501,1614.22
28,0,6,2,1,56.7538,1.99566,58.7494
29,0,6,3,1,1928.24,2.05583,1930.3
30,0,6,4,1,1623.53,4.02934,1627.56
31,0,7,0,1,335.26,0.88544,336.145
32,0,7,1,1,790.742,1.67572,792.418
33,0,7,2,1,912.828,0.803537,913.632
34,0,7,3,1,24.5261,4.13375,28.6599
35,0,7,4,1,845.219,3.21712,848.436
36,0,8,0,1,458.306,829.558,1287.86
37,0,8,1,1,753.424,4.16489,757.588
38,0,8,2,1,874.401,1.1323,875.533
39,0,8,3,1,1842.02,1.61708,1843.64
40,0,8,4,1,1574.67,1.09392,1575.76
41,0,9,0,1,1081.38,1.37218,1082.76
42,0,9,1,1,1160.59,1.45476,1162.05
43,0,9,2,1,1818.57,1.76384,1820.33
44,0,9,3,1,1055.68,1.76632,1057.45
45,0,9,4,1,742.842,1.19721,744.039
46,0,10,0,1,827.405,2.73736,830.143
47,0,10,1,1,1054.73,2.63433,1057.36
48,0,10,2,1,184.428,0.828735,185.256
49,0,10,3,1,2609.47,1.08806,2610.56
50,0,10,4,1,1918.69,0.882417,1919.57
iteration,runner id,assimilation cycle,state id,timesteps,compute walltime (ms),idle walltime (ms),idle + compute walltime(ms)
0,0,-2,-1,0,1586.95,0,1586.95
1,0,1,0,1,674.545,1.81685,676.362
2,0,1,1,1,1930.23,4.10586,1934.33
3,0,1,2,1,1797.32,1.2005,1798.52
4,0,1,3,1,1304.96,2.9082,1307.87
5,0,1,4,1,847.217,1.2853,848.503
6,0,2,0,1,730.623,146.436,877.059
7,0,2,1,1,628.633,1.07971,629.712
8,0,2,2,1,2167.04,0.671271,2167.71
9,0,2,3,1,126.308,3.53916,129.848
10,0,2,4,1,1530.24,18.5102,1548.75
11,0,3,0,1,1855.8,4.78971,1860.59
12,0,3,1,1,1089.3,1.86669,1091.17
13,0,3,2,1,1298.22,1.87164,1300.09
14,0,3,3,1,1341.37,3.09294,1344.46
15,0,3,4,1,2209.08,1.45721,2210.54
16,0,4,0,1,438.991,6.84944,445.841
17,0,4,1,1,753.118,3.14893,756.267
18,0,4,2,1,1866.81,4.19273,1871.01
19,0,4,3,1,873.932,1.60309,875.535
20,0,4,4,1,1565.07,0.925897,1565.99
21,0,5,0,1,1062.37,9.96796,1072.34
22,0,5,1,1,1726.67,3.90632,1730.57
23,0,5,2,1,247.926,8.30379,256.23
24,0,5,3,1,949.537,0.825231,950.362
25,0,5,4,1,1859.21,1.15842,1860.37
26,0,6,0,1,1858.61,3.10788,1861.72
27,0,6,1,1,1609.36,3.46827,1612.83
28,0,6,2,1,52.6933,2.17944,54.8727
29,0,6,3,1,1930.07,3.20311,1933.28
30,0,6,4,1,1626.53,3.08526,1629.61
31,0,7,0,1,345.726,2.92449,348.651
32,0,7,1,1,791.001,2.88213,793.883
33,0,7,2,1,916.604,1.48073,918.085
34,0,7,3,1,29.9954,2.37537,32.3708
35,0,7,4,1,846.318,4.78483,851.103
36,0,8,0,1,466.465,829.579,1296.04
37,0,8,1,1,750.843,0.890091,751.733
38,0,8,2,1,856.249,2.37433,858.624
39,0,8,3,1,1891.29,8.09322,1899.39
40,0,8,4,1,1571.29,1.51104,1572.8
41,0,9,0,1,1075.98,2.00015,1077.98
42,0,9,1,1,1161.76,1.05104,1162.81
43,0,9,2,1,1820.39,1.02936,1821.42
44,0,9,3,1,1055.65,1.24649,1056.9
45,0,9,4,1,742.631,2.68163,745.312
46,0,10,0,1,827.714,9.8428,837.557
47,0,10,1,1,1059.8,0.704283,1060.5
48,0,10,2,1,186.414,1.65495,188.069
49,0,10,3,1,2600.74,0.888566,2601.62
50,0,10,4,1,1935.03,1.68509,1936.72
iteration,runner id,assimilation cycle,state id,timesteps,compute walltime (ms),idle walltime (ms),idle + compute walltime(ms)
0,0,-2,-1,0,1587.08,0,1587.08
1,0,1,0,1,672.827,0.879204,673.706
2,0,1,1,1,785.65,1159.07,1944.72
3,0,1,2,1,985.264,812.209,1797.47
4,0,1,3,1,1298.35,1.20812,1299.56
5,0,1,4,1,859.615,1.77136,861.387
6,0,2,0,1,727.965,144.721,872.686
7,0,2,1,1,62.0658,574.792,636.857
8,0,2,2,1,1389.93,789.43,2179.36
9,0,2,3,1,121.397,1.31493,122.712
10,0,2,4,1,1527.65,1.43012,1529.08
11,0,3,0,1,1861.69,6.08612,1867.77
12,0,3,1,1,1090.3,0.90006,1091.2
13,0,3,2,1,852.245,450.992,1303.24
14,0,3,3,1,360.595,1000.62,1361.22
15,0,3,4,1,1472.31,736.193,2208.5
16,0,4,0,1,430.825,4.32778,435.153
17,0,4,1,1,743.809,2.17611,745.985
18,0,4,2,1,1135.06,736.178,1871.24
19,0,4,3,1,866.922,0.552278,867.474
20,0,4,4,1,1572.3,2.03284,1574.33
21,0,5,0,1,1068.3,5.52569,1073.83
22,0,5,1,1,1725.92,0.881904,1726.8
23,0,5,2,1,246.278,5.46983,251.747
24,0,5,3,1,150.024,815.905,965.928
25,0,5,4,1,280.294,1591.11,1871.4
26,0,6,0,1,1859.6,10.4265,1870.03
27,0,6,1,1,1622.32,1.49632,1623.82
28,0,6,2,1,65.1117,1.12041,66.2321
29,0,6,3,1,117.74,1822.86,1940.6
30,0,6,4,1,140.518,1496.53,1637.04
31,0,7,0,1,335.306,1.13651,336.442
32,0,7,1,1,794.54,2.31322,796.854
33,0,7,2,1,915.521,1.75766,917.278
34,0,7,3,1,29.8649,0.61848,30.4834
35,0,7,4,1,85.502,764.52,850.022
36,0,8,0,1,458.403,840.113,1298.52
37,0,8,1,1,758.591,1.50792,760.098
38,0,8,2,1,872.796,0.657431,873.454
39,0,8,3,1,1839.89,1.9515,1841.84
40,0,8,4,1,1584.32,6.26559,1590.58
41,0,9,0,1,1076.48,2.76689,1079.25
42,0,9,1,1,404.218,764.472,1168.69
43,0,9,2,1,684.868,1170.95,1855.81
44,0,9,3,1,636.438,426.602,1063.04
45,0,9,4,1,745.741,3.41629,749.157
46,0,10,0,1,832.809,0.88368,833.693
47,0,10,1,1,1056.38,0.580467,1056.96
48,0,10,2,1,191.803,1.03576,192.839
49,0,10,3,1,1967.05,645.265,2612.31
50,0,10,4,1,1923.45,0.63287,1924.08
iteration,runner id,assimilation cycle,state id,timesteps,compute walltime (ms),idle walltime (ms),idle + compute walltime(ms)
0,0,-2,-1,0,1592.45,0,1592.45
1,0,1,0,1,678.823,0.683008,679.506
2,0,1,1,1,789.669,1161.51,1951.18
3,0,1,2,1,996.158,811.019,1807.18
4,0,1,3,1,1307.73,1.29257,1309.02
5,0,1,4,1,853.162,1.17448,854.337
6,0,2,0,1,736.155,151.312,887.466
7,0,2,1,1,57.2887,575.551,632.839
8,0,2,2,1,1384.54,785.778,2170.32
9,0,2,3,1,124.463,1.96491,126.428
10,0,2,4,1,1527.82,2.89038,1530.71
11,0,3,0,1,1861.65,3.23698,1864.89
12,0,3,1,1,1088.31,3.61183,1091.92
13,0,3,2,1,860.96,446.806,1307.77
14,0,3,3,1,346.016,1004.76,1350.78
15,0,3,4,1,1475.45,738.744,2214.19
16,0,4,0,1,422.882,1.62947,424.512
17,0,4,1,1,737.874,0.703626,738.578
18,0,4,2,1,1147.35,736.178,1883.53
19,0,4,3,1,881.113,8.43144,889.545
20,0,4,4,1,1565.21,3.60873,1568.82
21,0,5,0,1,1068.03,3.99058,1072.02
22,0,5,1,1,1736.12,2.17625,1738.29
23,0,5,2,1,257.268,1.32868,258.597
24,0,5,3,1,143.659,815.316,958.975
25,0,5,4,1,289.855,1591.93,1881.79
26,0,6,0,1,1859.36,2.23319,1861.6
27,0,6,1,1,1612.19,1.13637,1613.33
28,0,6,2,1,51.7224,1.52619,53.2486
29,0,6,3,1,116.388,1812.29,1928.68
30,0,6,4,1,142.486,1488.62,1631.11
31,0,7,0,1,348.545,14.6645,363.21
32,0,7,1,1,790.308,0.507333,790.816
33,0,7,2,1,916.301,0.575393,916.876
34,0,7,3,1,30.2719,1.19702,31.469
35,0,7,4,1,94.4743,764.801,859.276
36,0,8,0,1,475.008,834.532,1309.54
37,0,8,1,1,748.356,0.439299,748.796
38,0,8,2,1,846.626,0.701713,847.328
39,0,8,3,1,1838.23,8.58624,1846.81
40,0,8,4,1,1575.35,4.41656,1579.76
41,0,9,0,1,1074.74,2.667,1077.41
42,0,9,1,1,400.665,768.276,1168.94
43,0,9,2,1,656.926,1168.76,1825.68
44,0,9,3,1,648.029,424.29,1072.32
45,0,9,4,1,741.287,0.713848,742.001
46,0,10,0,1,827.536,2.44818,829.984
47,0,10,1,1,1058.13,8.06814,1066.2
48,0,10,2,1,190.542,1.47053,192.013
49,0,10,3,1,1960.29,646.764,2607.05
50,0,10,4,1,1921.31,1.73152,1923.04
iteration,runner id,assimilation cycle,state id,timesteps,compute walltime (ms),idle walltime (ms),idle + compute walltime(ms)
0,0,-2,-1,0,0.101882,0,0.101882
1,0,1,0,1,680.035,3.32493,683.36
2,0,1,1,1,774.239,1161.74,1935.98
3,0,1,2,1,993.422,814.882,1808.3
4,0,1,3,1,1299.83,1.45194,1301.28
5,0,1,4,1,843.988,2.74318,846.731
6,0,2,0,1,731.586,145.649,877.234
7,0,2,1,1,55.3388,574.152,629.491
8,0,2,2,1,1389.03,789.062,2178.09
9,0,2,3,1,126.711,0.422987,127.134
10,0,2,4,1,1527.61,0.925287,1528.54
11,0,3,0,1,1853.33,1.10869,1854.44
12,0,3,1,1,1087.39,0.475321,1087.87
13,0,3,2,1,857.696,446.002,1303.7
14,0,3,3,1,345.728,999.581,1345.31
15,0,3,4,1,1474.04,738.056,2212.09
16,0,4,0,1,430.2,0.604513,430.805
17,0,4,1,1,745.849,0.58399,746.433
18,0,4,2,1,1137.8,737.938,1875.74
19,0,4,3,1,863.275,2.20504,865.48
20,0,4,4,1,1587.43,1.22216,1588.65
21,0,5,0,1,1069.67,1.51211,1071.18
22,0,5,1,1,1725.33,0.437656,1725.77
23,0,5,2,1,257.133,0.564398,257.697
24,0,5,3,1,140.024,815.313,955.336
25,0,5,4,1,277.356,1591.17,1868.52
26,0,6,0,1,1866.44,0.925528,1867.37
27,0,6,1,1,1606.58,0.921515,1607.5
28,0,6,2,1,61.128,0.941853,62.0699
29,0,6,3,1,128.521,1814.28,1942.8
30,0,6,4,1,144.004,1481.86,1625.87
31,0,7,0,1,336.355,0.60461,336.96
32,0,7,1,1,788.172,0.962241,789.134
33,0,7,2,1,919.895,0.885855,920.781
34,0,7,3,1,26.6871,1.92132,28.6084
35,0,7,4,1,92.6796,764.977,857.657
36,0,8,0,1,465.664,829.047,1294.71
37,0,8,1,1,751.071,0.940939,752.012
38,0,8,2,1,850.334,0.660008,850.994
39,0,8,3,1,1844.76,1.13868,1845.9
40,0,8,4,1,1575.44,0.945893,1576.39
41,0,9,0,1,1075.13,4.01638,1079.15
42,0,9,1,1,400.563,764.884,1165.45
43,0,9,2,1,656.954,1173.66,1830.62
44,0,9,3,1,633.641,426.08,1059.72
45,0,9,4,1,741.95,0.858794,742.809
46,0,10,0,1,836.017,1.17344,837.19
47,0,10,1,1,1053.31,1.85985,1055.17
48,0,10,2,1,183.839,0.70826,184.547
49,0,10,3,1,1968.33,645.35,2613.68
50,0,10,4,1,1915.08,0.722407,1915.81
iteration,runner id,assimilation cycle,state id,timesteps,compute walltime (ms),idle walltime (ms),idle + compute walltime(ms)
0,0,-2,-1,0,0.493107,0,0.493107
1,0,1,0,1,671.491,31.9807,703.472
2,0,1,1,1,773.51,1161.37,1934.88
3,0,1,2,1,985.882,815.247,1801.13
4,0,1,3,1,1332.55,0.840736,1333.39
5,0,1,4,1,843.964,0.563977,844.528
6,0,2,0,1,726.036,143.547,869.583
7,0,2,1,1,64.6468,574.735,639.382
8,0,2,2,1,1387.24,789.588,2176.83
9,0,2,3,1,123.35,0.698903,124.048
10,0,2,4,1,1528.21,0.678917,1528.89
11,0,3,0,1,1859.31,1.15472,1860.46
12,0,3,1,1,1082.06,0.514538,1082.58
13,0,3,2,1,853.848,446.318,1300.17
14,0,3,3,1,346.833,1000.96,1347.79
15,0,3,4,1,1474,736.03,2210.03
16,0,4,0,1,427.049,1.02682,428.076
17,0,4,1,1,737.329,2.70398,740.033
18,0,4,2,1,1142.85,737.418,1880.27
19,0,4,3,1,860.033,1.13701,861.17
20,0,4,4,1,1566.29,0.960537,1567.25
21,0,5,0,1,1061.8,1.45206,1063.26
22,0,5,1,1,1730.35,2.52488,1732.88
23,0,5,2,1,251.685,0.853797,252.538
24,0,5,3,1,136.186,812.913,949.099
25,0,5,4,1,277.639,1592.02,1869.66
26,0,6,0,1,1859.71,0.955191,1860.66
27,0,6,1,1,1612.56,0.614204,1613.17
28,0,6,2,1,59.1404,0.593563,59.7339
29,0,6,3,1,117.916,1814.91,1932.83
30,0,6,4,1,139.604,1489.87,1629.47
31,0,7,0,1,335.417,0.669759,336.087
32,0,7,1,1,797.734,0.737553,798.471
33,0,7,2,1,915.57,0.788108,916.359
34,0,7,3,1,26.9965,0.7909,27.7874
35,0,7,4,1,91.3358,765.511,856.847
36,0,8,0,1,464.182,829.807,1293.99
37,0,8,1,1,753.553,0.880147,754.433
38,0,8,2,1,843.862,1.69439,845.556
39,0,8,3,1,1846.26,0.511369,1846.77
40,0,8,4,1,1570.18,0.722219,1570.91
41,0,9,0,1,1075.84,1.38726,1077.23
42,0,9,1,1,403.133,765.551,1168.68
43,0,9,2,1,650.614,1173.98,1824.6
44,0,9,3,1,636.871,426.841,1063.71
45,0,9,4,1,745.342,0.842885,746.185
46,0,10,0,1,828.269,0.755564,829.025
47,0,10,1,1,1056.4,0.564288,1056.96
48,0,10,2,1,185.178,0.840807,186.018
49,0,10,3,1,1969.7,645.189,2614.89
50,0,10,4,1,1914.5,1.50567,1916
iteration,runner id,assimilation cycle,state id,timesteps,compute walltime (ms),idle walltime (ms),idle + compute walltime(ms)
0,0,-2,-1,0,0.193868,0,0.193868
1,0,1,0,1,673.262,1.3704,674.632
2,0,1,1,1,774.5,1161.01,1935.51
3,0,1,2,1,991.579,816.064,1807.64
4,0,1,3,1,1300.45,2.60337,1303.05
5,0,1,4,1,849.987,0.981076,850.969
6,0,2,0,1,731.679,144.363,876.042
7,0,2,1,1,55.476,574.912,630.388
8,0,2,2,1,1390.84,789.564,2180.4
9,0,2,3,1,120.445,1.24647,121.691
10,0,2,4,1,1527.87,0.505129,1528.38
11,0,3,0,1,1860.51,1.29631,1861.81
12,0,3,1,1,1081.84,0.781939,1082.62
13,0,3,2,1,859.563,446.759,1306.32
14,0,3,3,1,347.36,1000.82,1348.18
15,0,3,4,1,1474.36,738.067,2212.43
16,0,4,0,1,429.889,2.09138,431.98
17,0,4,1,1,739.728,1.58707,741.315
18,0,4,2,1,1139.76,735.77,1875.53
19,0,4,3,1,864.779,1.31283,866.092
20,0,4,4,1,1578.36,0.636803,1579
21,0,5,0,1,1061.89,0.855737,1062.74
22,0,5,1,1,1728.63,0.781705,1729.41
23,0,5,2,1,248.253,0.669656,248.923
24,0,5,3,1,135.003,813.951,948.954
25,0,5,4,1,274.777,1591.96,1866.74
26,0,6,0,1,1860.35,0.712689,1861.07
27,0,6,1,1,1605.17,1.71037,1606.88
28,0,6,2,1,46.8102,0.840468,47.6507
29,0,6,3,1,120.158,1814.62,1934.78
30,0,6,4,1,139.77,1489.77,1629.54
31,0,7,0,1,335.164,0.542478,335.706
32,0,7,1,1,793.715,0.95172,794.667
33,0,7,2,1,914.285,1.07086,915.356
34,0,7,3,1,27.7638,1.12867,28.8925
35,0,7,4,1,91.8038,766.041,857.845
36,0,8,0,1,460.241,829.046,1289.29
37,0,8,1,1,747.921,0.893585,748.815
38,0,8,2,1,845.096,1.01462,846.111
39,0,8,3,1,1845.11,0.70071,1845.81
40,0,8,4,1,1573.2,1.20219,1574.4
41,0,9,0,1,1077.39,1.09742,1078.49
42,0,9,1,1,398.456,764.402,1162.86
43,0,9,2,1,651.284,1172.89,1824.18
44,0,9,3,1,634.346,427.88,1062.23
45,0,9,4,1,742.199,0.839526,743.038
46,0,10,0,1,827.057,3.17142,830.228
47,0,10,1,1,1054.9,0.655884,1055.56
48,0,10,2,1,190.703,0.971787,191.674
49,0,10,3,1,1967.61,644.482,2612.1
50,0,10,4,1,1915.52,0.716071,1916.24
iteration,runner id,assimilation cycle,state id,timesteps,compute walltime (ms),idle walltime (ms),idle + compute walltime(ms)
0,0,-2,-1,0,0.276481,0,0.276481
1,0,1,0,1,691.305,3.14257,694.447
2,0,1,1,1,780.864,1160.61,1941.48
3,0,1,2,1,985.996,813.501,1799.5
4,0,1,3,1,1300.68,0.755676,1301.44
5,0,1,4,1,850.699,0.512616,851.211
6,0,2,0,1,732.686,143.088,875.774
7,0,2,1,1,62.3168,567.805,630.122
8,0,2,2,1,1387.76,788.872,2176.63
9,0,2,3,1,119.796,1.01482,120.811
10,0,2,4,1,1534.44,0.426345,1534.86
11,0,3,0,1,1864.67,1.86757,1866.53
12,0,3,1,1,1088.11,3.10032,1091.21
13,0,3,2,1,880.597,446.273,1326.87
14,0,3,3,1,346.86,999.523,1346.38
15,0,3,4,1,1480.69,736.42,2217.11
16,0,4,0,1,430.552,2.85856,433.411
17,0,4,1,1,745.176,0.731492,745.907
18,0,4,2,1,1142.4,735.352,1877.76
19,0,4,3,1,866.644,1.05068,867.695
20,0,4,4,1,1565.1,1.49165,1566.6
21,0,5,0,1,1062.11,1.78967,1063.9
22,0,5,1,1,1727.92,0.659341,1728.58
23,0,5,2,1,265.672,0.47917,266.151
24,0,5,3,1,146.06,813.843,959.903
25,0,5,4,1,273.685,1590.66,1864.35
26,0,6,0,1,1860.54,1.47311,1862.01
27,0,6,1,1,1606.54,0.773572,1607.32
28,0,6,2,1,46.4059,1.35762,47.7635
29,0,6,3,1,119.12,1814.96,1934.08
30,0,6,4,1,141.11,1489.11,1630.22
31,0,7,0,1,335.186,0.562205,335.748
32,0,7,1,1,791.633,0.752175,792.385
33,0,7,2,1,913.462,2.92055,916.382
34,0,7,3,1,25.2661,2.2268,27.4929
35,0,7,4,1,93.8969,764.313,858.21
36,0,8,0,1,473.261,829.381,1302.64
37,0,8,1,1,755.377,0.985724,756.363
38,0,8,2,1,854.422,0.662232,855.084
39,0,8,3,1,1847,0.754487,1847.75
40,0,8,4,1,1575.96,0.602013,1576.56
41,0,9,0,1,1087.86,1.07275,1088.93
42,0,9,1,1,405.169,764.826,1170
43,0,9,2,1,655.835,1171.17,1827.01
44,0,9,3,1,644.26,427.003,1071.26
45,0,9,4,1,749.671,0.502835,750.174
46,0,10,0,1,828.287,1.63868,829.926
47,0,10,1,1,1053.76,0.526046,1054.29
48,0,10,2,1,186.915,0.949464,187.864
49,0,10,3,1,1962.49,645.355,2607.84
50,0,10,4,1,1914.35,0.854142,1915.21
iteration,runner id,assimilation cycle,state id,timesteps,compute walltime (ms),idle walltime (ms),idle + compute walltime(ms)
0,0,-2,-1,0,0.135328,0,0.135328
1,0,1,0,1,672.149,0.941658,673.09
2,0,1,1,1,866.542,1162.82,2029.36
3,0,1,2,1,992.168,723.004,1715.17
4,0,1,3,1,1306.29,2.10735,1308.4
5,0,1,4,1,846.816,0.757222,847.573
6,0,2,0,1,729.326,140.792,870.118
7,0,2,1,1,60.8063,574.474,635.28
8,0,2,2,1,1382.62,788.381,2171
9,0,2,3,1,125.618,1.03434,126.652
10,0,2,4,1,1527.16,0.609505,1527.77
11,0,3,0,1,1862.66,1.00182,1863.66
12,0,3,1,1,1088.32,0.627508,1088.95
13,0,3,2,1,859.742,448.447,1308.19
14,0,3,3,1,359.383,1000.73,1360.12
15,0,3,4,1,1475.78,736.384,2212.16
16,0,4,0,1,423.503,1.74923,425.252
17,0,4,1,1,738.967,0.681312,739.649
18,0,4,2,1,1136.64,735.938,1872.58
19,0,4,3,1,859.715,0.894808,860.61
20,0,4,4,1,1565.49,1.2009,1566.69
21,0,5,0,1,1069.13,0.943171,1070.08
22,0,5,1,1,1733.05,0.642938,1733.69
23,0,5,2,1,248.544,1.50903,250.053
24,0,5,3,1,136.312,814.416,950.728
25,0,5,4,1,271.968,1591.03,1862.99
26,0,6,0,1,1865.48,1.86259,1867.34
27,0,6,1,1,1610.48,0.855024,1611.34
28,0,6,2,1,45.5758,1.02767,46.6035
29,0,6,3,1,125.484,1815.11,1940.59
30,0,6,4,1,140.505,1488.87,1629.37
31,0,7,0,1,335.651,2.01577,337.667
32,0,7,1,1,795.669,1.07014,796.739
33,0,7,2,1,919.714,0.955309,920.67
34,0,7,3,1,24.2317,1.20309,25.4348
35,0,7,4,1,97.1213,764.007,861.129
36,0,8,0,1,465.044,830.682,1295.73
37,0,8,1,1,753.52,0.734956,754.255
38,0,8,2,1,846.49,0.742061,847.232
39,0,8,3,1,1839.81,0.880715,1840.7
40,0,8,4,1,1571.42,0.987164,1572.41
41,0,9,0,1,1076,1.02725,1077.03
42,0,9,1,1,401.391,766.216,1167.61
43,0,9,2,1,656.363,1169.62,1825.98
44,0,9,3,1,633.621,426.316,1059.94
45,0,9,4,1,743.275,0.732348,744.007
46,0,10,0,1,828.256,0.681018,828.937
47,0,10,1,1,1056.92,1.58786,1058.5
48,0,10,2,1,189.133,0.891344,190.024
49,0,10,3,1,1968.6,645.157,2613.76
50,0,10,4,1,1913.93,1.06287,1914.99
iteration,runner id,assimilation cycle,state id,timesteps,compute walltime (ms),idle walltime (ms),idle + compute walltime(ms)
0,0,-2,-1,0,0.226414,0,0.226414
1,0,1,0,1,674.327,1.33304,675.66
2,0,1,1,1,778.314,1159.7,1938.01
3,0,1,2,1,986.648,815.102,1801.75
4,0,1,3,1,1303.51,0.821964,1304.33
5,0,1,4,1,843.271,0.48249,843.753
6,0,2,0,1,731.772,144.988,876.76
7,0,2,1,1,55.4419,576.352,631.793
8,0,2,2,1,1381.68,788.758,2170.44
9,0,2,3,1,126.842,0.964227,127.806
10,0,2,4,1,1528.12,0.51499,1528.64
11,0,3,0,1,1852.74,0.966067,1853.71
12,0,3,1,1,1084.87,0.616012,1085.49
13,0,3,2,1,861.065,445.656,1306.72
14,0,3,3,1,360.534,1000.59,1361.12
15,0,3,4,1,1474.38,737.21,2211.59
16,0,4,0,1,427.977,0.645255,428.623
17,0,4,1,1,742.615,2.53164,745.147
18,0,4,2,1,1139.45,736.536,1875.98
19,0,4,3,1,871.56,0.65751,872.218
20,0,4,4,1,1573.22,0.90657,1574.13
21,0,5,0,1,1062.59,0.516722,1063.11
22,0,5,1,1,1731.91,1.06894,1732.97
23,0,5,2,1,249.529,0.78602,250.316
24,0,5,3,1,141.942,815.616,957.558
25,0,5,4,1,272.174,1591.09,1863.26
26,0,6,0,1,1861.39,0.783052,1862.17
27,0,6,1,1,1606.52,1.32766,1607.85
28,0,6,2,1,46.5609,0.518995,47.0799
29,0,6,3,1,123.353,1814.8,1938.15
30,0,6,4,1,141.061,1489.15,1630.21
31,0,7,0,1,338.455,1.66814,340.123
32,0,7,1,1,787.514,1.25494,788.769
33,0,7,2,1,920.819,1.62486,922.444
34,0,7,3,1,23.7261,0.516976,24.2431
35,0,7,4,1,86.0737,765.052,851.125
36,0,8,0,1,465.835,828.987,1294.82
37,0,8,1,1,753.889,0.795731,754.684
38,0,8,2,1,850.4,3.86234,854.262
39,0,8,3,1,1840.37,1.77732,1842.14
40,0,8,4,1,1569.96,0.834633,1570.79
41,0,9,0,1,1082.21,1.66555,1083.88
42,0,9,1,1,403.876,764.643,1168.52
43,0,9,2,1,656.256,1172.13,1828.39
44,0,9,3,1,634.691,428.35,1063.04
45,0,9,4,1,742.942,1.21597,744.158
46,0,10,0,1,830.707,1.96061,832.667
47,0,10,1,1,1069.62,1.59835,1071.22
48,0,10,2,1,184.462,0.812087,185.274
49,0,10,3,1,1968.25,644.497,2612.75
50,0,10,4,1,1918.47,1.58319,1920.06
iteration,runner id,assimilation cycle,state id,timesteps,compute walltime (ms),idle walltime (ms),idle + compute walltime(ms)
0,0,-2,-1,0,0.234859,0,0.234859
1,0,1,0,1,672.757,0.974654,673.732
2,0,1,1,1,786,1159.91,1945.91
3,0,1,2,1,987.642,807.695,1795.34
4,0,1,3,1,1300.04,0.782296,1300.82
5,0,1,4,1,845.653,0.683966,846.337
6,0,2,0,1,726.843,142.506,869.349
7,0,2,1,1,60.9789,574.324,635.303
8,0,2,2,1,1394.65,786.906,2181.56
9,0,2,3,1,126.303,0.566628,126.87
10,0,2,4,1,1531.82,0.493667,1532.31
11,0,3,0,1,1861.03,1.04932,1862.08
12,0,3,1,1,1087.07,0.694048,1087.76
13,0,3,2,1,854.774,447.921,1302.69
14,0,3,3,1,351.236,1000.18,1351.42
15,0,3,4,1,1474.19,743.995,2218.18
16,0,4,0,1,424.934,1.90363,426.838
17,0,4,1,1,744.45,1.06796,745.518
18,0,4,2,1,1139.95,736.565,1876.52
19,0,4,3,1,861.097,1.06335,862.16
20,0,4,4,1,1570.82,1.53336,1572.35
21,0,5,0,1,1068.46,1.38533,1069.84
22,0,5,1,1,1728.46,0.848686,1729.3
23,0,5,2,1,248.829,0.602556,249.432
24,0,5,3,1,138.853,816.091,954.944
25,0,5,4,1,278.719,1590.67,1869.39
26,0,6,0,1,1868.45,10.6083,1879.06
27,0,6,1,1,1615.43,0.890074,1616.32
28,0,6,2,1,52.5746,0.934186,53.5088
29,0,6,3,1,117.864,1815.41,1933.27
30,0,6,4,1,150.371,1489.52,1639.89
31,0,7,0,1,335.676,0.506797,336.182
32,0,7,1,1,793.375,1.2866,794.662
33,0,7,2,1,929.277,16.191,945.468
34,0,7,3,1,28.2944,0.585033,28.8794
35,0,7,4,1,88.101,765.747,853.848
36,0,8,0,1,464.03,829.583,1293.61
37,0,8,1,1,750.778,0.6985,751.476
38,0,8,2,1,846.715,0.837963,847.553
39,0,8,3,1,1845.71,0.702139,1846.42
40,0,8,4,1,1570.18,3.64342,1573.83
41,0,9,0,1,1084.23,1.08538,1085.32
42,0,9,1,1,401.02,762.714,1163.73
43,0,9,2,1,657.064,1171.7,1828.76
44,0,9,3,1,633.416,425.871,1059.29
45,0,9,4,1,742.563,0.58417,743.147
46,0,10,0,1,833.888,0.837019,834.725
47,0,10,1,1,1061.55,0.551056,1062.1
48,0,10,2,1,185.507,0.70743,186.215
49,0,10,3,1,1968.51,644.728,2613.23
50,0,10,4,1,1914.89,1.05326,1915.94
iteration,runner id,assimilation cycle,state id,timesteps,compute walltime (ms),idle walltime (ms),idle + compute walltime(ms)
0,0,-2,-1,0,0.112634,0,0.112634
1,0,1,0,1,671.547,1.27596,672.823
2,0,1,1,1,774.576,1160.62,1935.2
3,0,1,2,1,995.264,814.482,1809.75
4,0,1,3,1,1299.35,0.922547,1300.27
5,0,1,4,1,852.348,0.593084,852.941
6,0,2,0,1,734.934,141.997,876.931
7,0,2,1,1,59.539,572.567,632.106
8,0,2,2,1,1381.5,786.953,2168.46
9,0,2,3,1,120.954,0.794899,121.749
10,0,2,4,1,1528.19,0.407967,1528.6
11,0,3,0,1,1856.39,4.17833,1860.56
12,0,3,1,1,1086.24,0.954873,1087.19
13,0,3,2,1,862.276,446.031,1308.31
14,0,3,3,1,354.247,1000.17,1354.42
15,0,3,4,1,1474.89,736.573,2211.46
16,0,4,0,1,423.704,1.15974,424.864
17,0,4,1,1,746.718,0.428944,747.147
18,0,4,2,1,1141.7,735.199,1876.89
19,0,4,3,1,859.471,0.5341,860.005
20,0,4,4,1,1565.53,2.13947,1567.67
21,0,5,0,1,1063.12,2.03322,1065.15
22,0,5,1,1,1728.45,0.785827,1729.24
23,0,5,2,1,253.677,1.09011,254.767
24,0,5,3,1,136.213,814.014,950.227
25,0,5,4,1,271.721,1590.23,1861.96
26,0,6,0,1,1862.62,0.948075,1863.56
27,0,6,1,1,1607.47,0.485154,1607.96
28,0,6,2,1,45.8063,0.365922,46.1722
29,0,6,3,1,124.43,1815.36,1939.79
30,0,6,4,1,143.96,1489.49,1633.45
31,0,7,0,1,335.594,0.737575,336.331
32,0,7,1,1,788.455,1.21814,789.673
33,0,7,2,1,915.209,3.0568,918.265
34,0,7,3,1,24.5756,0.831041,25.4066
35,0,7,4,1,91.5656,765.652,857.218
36,0,8,0,1,463.8,831.782,1295.58
37,0,8,1,1,750.939,1.24496,752.184
38,0,8,2,1,844.654,0.830684,845.485
39,0,8,3,1,1841.31,1.9079,1843.22
40,0,8,4,1,1570.74,0.592675,1571.33
41,0,9,0,1,1078.41,1.08119,1079.49
42,0,9,1,1,400.412,764.27,1164.68
43,0,9,2,1,651.75,1172.43,1824.18
44,0,9,3,1,637.447,427.355,1064.8
45,0,9,4,1,742.073,0.668173,742.741
46,0,10,0,1,835.577,1.1621,836.739
47,0,10,1,1,1054.37,0.416075,1054.79
48,0,10,2,1,184.075,0.69619,184.771
49,0,10,3,1,1961.62,645.438,2607.06
50,0,10,4,1,1923.14,0.629134,1923.76
iteration,runner id,assimilation cycle,state id,timesteps,compute walltime (ms),idle walltime (ms),idle + compute walltime(ms)
0,0,-2,-1,0,0.140829,0,0.140829
1,0,1,0,1,671.849,2.23385,674.083
2,0,1,1,1,793.532,1160.96,1954.49
3,0,1,2,1,988.561,811.741,1800.3
4,0,1,3,1,1301.21,1.36145,1302.57
5,0,1,4,1,849.717,0.669855,850.387
6,0,2,0,1,727.574,143.2,870.774
7,0,2,1,1,57.9713,575.334,633.305
8,0,2,2,1,1387.06,788.422,2175.48
9,0,2,3,1,125.255,0.848898,126.103
10,0,2,4,1,1528.17,1.09424,1529.27
11,0,3,0,1,1860.12,1.48385,1861.61
12,0,3,1,1,1083.27,0.634738,1083.91
13,0,3,2,1,855.106,446.091,1301.2
14,0,3,3,1,349.509,1000.25,1349.76
15,0,3,4,1,1480.13,737.588,2217.72
16,0,4,0,1,425.246,1.43662,426.682
17,0,4,1,1,740.073,0.998246,741.071
18,0,4,2,1,1163.34,734.953,1898.29
19,0,4,3,1,861.314,0.576417,861.89
20,0,4,4,1,1567.79,0.830507,1568.62
21,0,5,0,1,1063.41,1.04295,1064.45
22,0,5,1,1,1729.1,1.01185,1730.12
23,0,5,2,1,250.362,1.59286,251.955
24,0,5,3,1,141.734,815.346,957.081
25,0,5,4,1,277.74,1591.6,1869.34
26,0,6,0,1,1861.39,1.20706,1862.6
27,0,6,1,1,1613.31,0.555955,1613.86
28,0,6,2,1,46.0153,1.23186,47.2471
29,0,6,3,1,124.1,1815.38,1939.48
30,0,6,4,1,146.731,1490.5,1637.23
31,0,7,0,1,335.627,0.590954,336.218
32,0,7,1,1,788.53,1.50635,790.037
33,0,7,2,1,919.919,0.946761,920.866
34,0,7,3,1,25.1681,1.26819,26.4363
35,0,7,4,1,88.9462,764.605,853.551
36,0,8,0,1,462.362,828.142,1290.5
37,0,8,1,1,756.315,0.886969,757.202
38,0,8,2,1,843.39,1.7685,845.159
39,0,8,3,1,1846.58,0.964585,1847.54
40,0,8,4,1,1576.16,0.681225,1576.84
41,0,9,0,1,1076.67,0.743866,1077.41
42,0,9,1,1,405.121,766.509,1171.63
43,0,9,2,1,656.09,1173.26,1829.35
44,0,9,3,1,638.388,426.345,1064.73
45,0,9,4,1,743.054,0.907655,743.962
46,0,10,0,1,830.735,1.05605,831.791
47,0,10,1,1,1055.41,0.506458,1055.91
48,0,10,2,1,188.781,1.57344,190.354
49,0,10,3,1,1970.39,645.079,2615.47
50,0,10,4,1,1919.67,1.49237,1921.16
iteration,runner id,assimilation cycle,state id,timesteps,compute walltime (ms),idle walltime (ms),idle + compute walltime(ms)
0,0,-2,-1,0,0.263625,0,0.263625
1,0,1,0,1,676.707,1.65753,678.365
2,0,1,1,1,804.18,1161.68,1965.86
3,0,1,2,1,988.083,810.454,1798.54
4,0,1,3,1,1303.05,9.53112,1312.58
5,0,1,4,1,862.701,0.597341,863.298
6,0,2,0,1,727.617,141.248,868.865
7,0,2,1,1,61.9088,573.576,635.485
8,0,2,2,1,1382.46,789.52,2171.98
9,0,2,3,1,129.828,7.50874,137.337
10,0,2,4,1,1528.84,2.85751,1531.7
11,0,3,0,1,1857.71,2.0655,1859.78
12,0,3,1,1,1090.79,2.23342,1093.02
13,0,3,2,1,858.185,440.443,1298.63
14,0,3,3,1,348.138,1002.53,1350.66
15,0,3,4,1,1488.53,736.24,2224.77
16,0,4,0,1,431.769,1.8864,433.655
17,0,4,1,1,741.759,3.82208,745.581
18,0,4,2,1,1140.08,733.835,1873.91
19,0,4,3,1,862.045,9.97669,872.021
20,0,4,4,1,1567.01,5.14151,1572.15
21,0,5,0,1,1062.2,2.31553,1064.51
22,0,5,1,1,1729.76,1.0677,1730.83
23,0,5,2,1,252.227,1.22137,253.449
24,0,5,3,1,170.431,821.566,991.997
25,0,5,4,1,317.217,1589.95,1907.16
26,0,6,0,1,1859.88,1.72445,1861.6
27,0,6,1,1,1606.77,3.36269,1610.13
28,0,6,2,1,52.0103,4.62324,56.6335
29,0,6,3,1,138.735,1816.1,1954.84
30,0,6,4,1,143.511,1485.6,1629.11
31,0,7,0,1,336.632,3.045,339.677
32,0,7,1,1,791.705,8.09482,799.8
33,0,7,2,1,945.223,4.97415,950.197
34,0,7,3,1,33.0383,2.10075,35.139
35,0,7,4,1,93.4821,770.835,864.317
36,0,8,0,1,461.358,831.717,1293.08
37,0,8,1,1,766.075,2.3334,768.409
38,0,8,2,1,850.902,4.03217,854.934
39,0,8,3,1,1842.51,1.6888,1844.2
40,0,8,4,1,1596.81,4.35326,1601.16
41,0,9,0,1,1086.15,5.20061,1091.35
42,0,9,1,1,403.26,773.108,1176.37
43,0,9,2,1,659.326,1173.94,1833.26
44,0,9,3,1,632.595,427.522,1060.12
45,0,9,4,1,758.494,4.89698,763.391
46,0,10,0,1,827.185,1.09421,828.279
47,0,10,1,1,1062.57,1.38697,1063.96
48,0,10,2,1,203.746,1.56751,205.313
49,0,10,3,1,1966.44,642.388,2608.82
50,0,10,4,1,1913.67,2.22273,1915.89
iteration,runner id,assimilation cycle,state id,timesteps,compute walltime (ms),idle walltime (ms),idle + compute walltime(ms)
0,0,-2,-1,0,0.188712,0,0.188712
1,0,1,0,1,674.578,1.26016,675.839
2,0,1,1,1,787.733,1159.19,1946.93
3,0,1,2,1,1003.36,812.293,1815.66
4,0,1,3,1,1308.53,4.98126,1313.51
5,0,1,4,1,855.095,9.62925,864.724
6,0,2,0,1,726.393,148.075,874.468
7,0,2,1,1,67.711,574.079,641.79
8,0,2,2,1,1406.59,782.69,2189.28
9,0,2,3,1,124.262,1.13042,125.392
10,0,2,4,1,1533.27,1.83856,1535.11
11,0,3,0,1,1854.74,2.76125,1857.5
12,0,3,1,1,1083.39,4.38999,1087.78
13,0,3,2,1,862.186,444.934,1307.12
14,0,3,3,1,377.672,1001.72,1379.39
15,0,3,4,1,1481.64,731.811,2213.45
16,0,4,0,1,460.321,9.11839,469.439
17,0,4,1,1,746.69,2.25566,748.946
18,0,4,2,1,1138.8,731.691,1870.49
19,0,4,3,1,871.6,0.744411,872.345
20,0,4,4,1,1571.29,4.2252,1575.51
21,0,5,0,1,1072.2,3.8055,1076
22,0,5,1,1,1735.8,4.26944,1740.07
23,0,5,2,1,258.617,3.62636,262.244
24,0,5,3,1,164.61,805.199,969.809
25,0,5,4,1,292.101,1590.59,1882.69
26,0,6,0,1,1859.44,7.95386,1867.39
27,0,6,1,1,1610.79,2.62661,1613.42
28,0,6,2,1,53.9721,1.57662,55.5487
29,0,6,3,1,129.794,1812.72,1942.52
30,0,6,4,1,140.438,1483.97,1624.41
31,0,7,0,1,334.988,3.04964,338.038
32,0,7,1,1,793.33,1.44093,794.771
33,0,7,2,1,920.422,3.8975,924.32
34,0,7,3,1,26.3372,0.548954,26.8861
35,0,7,4,1,89.3512,769.077,858.428
36,0,8,0,1,463.823,838.364,1302.19
37,0,8,1,1,754.043,2.64681,756.69
38,0,8,2,1,867.89,3.17666,871.066
39,0,8,3,1,1863.38,0.748775,1864.13
40,0,8,4,1,1597.23,2.51344,1599.75
41,0,9,0,1,1110.41,5.00998,1115.42
42,0,9,1,1,403.465,742.86,1146.32
43,0,9,2,1,655.624,1171.69,1827.31
44,0,9,3,1,637.018,425.323,1062.34
45,0,9,4,1,745.829,2.45581,748.285
46,0,10,0,1,828.033,1.15993,829.193
47,0,10,1,1,1059.67,2.19626,1061.87
48,0,10,2,1,211.299,1.00059,212.299
49,0,10,3,1,1976.53,623.747,2600.28
50,0,10,4,1,1921.69,2.25921,1923.95
iteration,runner id,assimilation cycle,state id,timesteps,compute walltime (ms),idle walltime (ms),idle + compute walltime(ms)
0,0,-2,-1,0,0.695365,0,0.695365
1,0,1,0,1,684.668,7.47455,692.142
2,0,1,1,1,777.374,1166.81,1944.19
3,0,1,2,1,988.093,811.686,1799.78
4,0,1,3,1,1303.26,0.918931,1304.18
5,0,1,4,1,888.622,1.88264,890.505
6,0,2,0,1,727.032,131.567,858.599
7,0,2,1,1,61.682,573.454,635.136
8,0,2,2,1,1383.13,789.035,2172.16
9,0,2,3,1,135.968,2.64275,138.611
10,0,2,4,1,1527.19,2.44582,1529.63
11,0,3,0,1,1866.88,2.50981,1869.38
12,0,3,1,1,1089.79,0.671045,1090.46
13,0,3,2,1,863.793,443.296,1307.09
14,0,3,3,1,347.286,1005.01,1352.29
15,0,3,4,1,1477.62,738.077,2215.7
16,0,4,0,1,425.274,3.37517,428.649
17,0,4,1,1,741.88,1.50952,743.39
18,0,4,2,1,1142.22,735.058,1877.28
19,0,4,3,1,896.178,3.04599,899.224
20,0,4,4,1,1567.13,1.16151,1568.29
21,0,5,0,1,1067.68,1.79923,1069.48
22,0,5,1,1,1735.41,2.65041,1738.06
23,0,5,2,1,250.8,1.4505,252.251
24,0,5,3,1,148.113,820.909,969.022
25,0,5,4,1,287.423,1592.33,1879.75
26,0,6,0,1,1860.51,2.86975,1863.38
27,0,6,1,1,1635.64,5.86028,1641.5
28,0,6,2,1,58.947,2.07794,61.025
29,0,6,3,1,117.732,1826.67,1944.4
30,0,6,4,1,169.116,1491.39,1660.5
31,0,7,0,1,341.84,2.71426,344.555
32,0,7,1,1,793.482,1.27849,794.76
33,0,7,2,1,924.834,3.29273,928.127
34,0,7,3,1,29.9634,1.38576,31.3491
35,0,7,4,1,87.6752,764.81,852.485
36,0,8,0,1,471.713,846.958,1318.67
37,0,8,1,1,759.435,2.25275,761.688
38,0,8,2,1,853.348,0.756206,854.105
39,0,8,3,1,1841.73,1.29495,1843.03
40,0,8,4,1,1581.52,2.52203,1584.04
41,0,9,0,1,1077.22,3.99291,1081.22
42,0,9,1,1,407.61,769.38,1176.99
43,0,9,2,1,668.541,1169.42,1837.96
44,0,9,3,1,690.512,425.5,1116.01
45,0,9,4,1,758.956,3.7657,762.721
46,0,10,0,1,827.227,2.84191,830.069
47,0,10,1,1,1069.14,4.20539,1073.35
48,0,10,2,1,194.392,4.99895,199.391
49,0,10,3,1,1969.03,646.132,2615.16
50,0,10,4,1,1941.79,4.6701,1946.46
iteration,runner id,assimilation cycle,state id,timesteps,compute walltime (ms),idle walltime (ms),idle + compute walltime(ms)
0,0,-2,-1,0,0.25154,0,0.25154
1,0,1,0,1,712.585,7.52672,720.112
2,0,1,1,1,779.005,1158.23,1937.24
3,0,1,2,1,1005,811.305,1816.31
4,0,1,3,1,1310.28,0.788066,1311.07
5,0,1,4,1,851.11,0.94717,852.057
6,0,2,0,1,727.958,147.075,875.033
7,0,2,1,1,77.989,576.088,654.077
8,0,2,2,1,1381.64,791.992,2173.63
9,0,2,3,1,142.626,1.75248,144.378
10,0,2,4,1,1527.26,3.48306,1530.75
11,0,3,0,1,1867.46,4.80663,1872.27
12,0,3,1,1,1091.69,2.31379,1094.01
13,0,3,2,1,862.356,446.666,1309.02
14,0,3,3,1,362.044,1004.1,1366.15
15,0,3,4,1,1474,746.649,2220.65
16,0,4,0,1,428.476,4.96537,433.442
17,0,4,1,1,741.954,1.45111,743.405
18,0,4,2,1,1143.58,734.262,1877.84
19,0,4,3,1,878.752,1.46998,880.222
20,0,4,4,1,1569.25,2.3661,1571.61
21,0,5,0,1,1074.74,1.5059,1076.24
22,0,5,1,1,1730.75,1.2951,1732.04
23,0,5,2,1,248.623,1.54548,250.168
24,0,5,3,1,137.613,817.514,955.127
25,0,5,4,1,281.262,1604.97,1886.24
26,0,6,0,1,1875.32,5.55523,1880.88
27,0,6,1,1,1610.31,3.67394,1613.98
28,0,6,2,1,56.924,0.866613,57.7906
29,0,6,3,1,125.527,1815.48,1941
30,0,6,4,1,143.154,1491.82,1634.98
31,0,7,0,1,338.269,4.30845,342.577
32,0,7,1,1,790.697,3.67583,794.373
33,0,7,2,1,915.061,11.195,926.256
34,0,7,3,1,23.9414,4.63046,28.5719
35,0,7,4,1,96.6772,765.835,862.512
36,0,8,0,1,470.171,842.141,1312.31
37,0,8,1,1,768.575,1.88108,770.456
38,0,8,2,1,860.56,2.40805,862.968
39,0,8,3,1,1868.47,7.35561,1875.83
40,0,8,4,1,1589.95,0.712634,1590.67
41,0,9,0,1,1077.22,6.33151,1083.55
42,0,9,1,1,404.653,765.954,1170.61
43,0,9,2,1,668.492,1173.7,1842.19
44,0,9,3,1,633.328,425.834,1059.16
45,0,9,4,1,750.764,1.20321,751.968
46,0,10,0,1,830.2,1.87149,832.072
47,0,10,1,1,1067.18,5.3602,1072.54
48,0,10,2,1,192.095,1.97325,194.068
49,0,10,3,1,1970.59,646.878,2617.47
50,0,10,4,1,1913.9,4.19831,1918.1
iteration,runner id,assimilation cycle,state id,timesteps,compute walltime (ms),idle walltime (ms),idle + compute walltime(ms)
0,0,-2,-1,0,0.491497,0,0.491497
1,0,1,0,1,687.018,3.2315,690.249
2,0,1,1,1,785.917,1159.93,1945.85
3,0,1,2,1,1001.08,822.759,1823.84
4,0,1,3,1,1319.81,3.27814,1323.09
5,0,1,4,1,848.913,3.15781,852.071
6,0,2,0,1,744.47,144.15,888.62
7,0,2,1,1,66.514,575.573,642.087
8,0,2,2,1,1397.57,800.807,2198.38
9,0,2,3,1,120.02,3.1806,123.201
10,0,2,4,1,1537.72,1.42338,1539.14
11,0,3,0,1,1859.04,2.53075,1861.58
12,0,3,1,1,1094.32,3.95474,1098.28
13,0,3,2,1,866.979,456.263,1323.24
14,0,3,3,1,358.241,1006.57,1364.81
15,0,3,4,1,1482.03,735.627,2217.66
16,0,4,0,1,429.222,5.57547,434.797
17,0,4,1,1,742.388,1.83569,744.224
18,0,4,2,1,1163.2,744.139,1907.34
19,0,4,3,1,866.872,2.01207,868.884
20,0,4,4,1,1567.17,6.41961,1573.59
21,0,5,0,1,1068.62,1.16401,1069.78
22,0,5,1,1,1729.88,1.21279,1731.1
23,0,5,2,1,249.915,2.35012,252.265
24,0,5,3,1,153.994,815.257,969.25
25,0,5,4,1,273.066,1589.87,1862.94
26,0,6,0,1,1863.46,8.60273,1872.07
27,0,6,1,1,1620.09,1.96091,1622.05
28,0,6,2,1,48.157,4.26135,52.4183
29,0,6,3,1,129.386,1835.16,1964.55
30,0,6,4,1,145.131,1492.37,1637.5
31,0,7,0,1,338.345,1.82847,340.174
32,0,7,1,1,794.465,5.67322,800.138
33,0,7,2,1,919.004,2.58016,921.585
34,0,7,3,1,24.4186,3.28528,27.7039
35,0,7,4,1,105.635,766.569,872.203
36,0,8,0,1,463.149,835.385,1298.53
37,0,8,1,1,756.046,3.90703,759.953
38,0,8,2,1,876.72,4.73776,881.458
39,0,8,3,1,1864.63,3.79763,1868.43
40,0,8,4,1,1572.78,5.53534,1578.32
41,0,9,0,1,1087.89,2.79198,1090.69
42,0,9,1,1,408.783,768.172,1176.96
43,0,9,2,1,672.521,1187.6,1860.13
44,0,9,3,1,638.962,425.021,1063.98
45,0,9,4,1,749.641,1.10932,750.75
46,0,10,0,1,830.896,2.37116,833.267
47,0,10,1,1,1063.39,1.18401,1064.57
48,0,10,2,1,190.943,5.41883,196.361
49,0,10,3,1,1968.7,647.04,2615.74
50,0,10,4,1,1932,0.54659,1932.55
iteration,runner id,assimilation cycle,state id,timesteps,compute walltime (ms),idle walltime (ms),idle + compute walltime(ms)
0,0,-2,-1,0,0.127677,0,0.127677
1,0,1,0,1,690.584,3.3717,693.956
2,0,1,1,1,794.492,1168.44,1962.93
3,0,1,2,1,987.059,815.545,1802.6
4,0,1,3,1,1314.16,0.625287,1314.79
5,0,1,4,1,844.901,1.08265,845.983
6,0,2,0,1,736.65,149.373,886.023
7,0,2,1,1,63.9217,574.759,638.68
8,0,2,2,1,1391.91,794.229,2186.14
9,0,2,3,1,120.004,6.73168,126.736
10,0,2,4,1,1528.49,1.05889,1529.55
11,0,3,0,1,1857.07,0.99069,1858.06
12,0,3,1,1,1098.39,2.66195,1101.05
13,0,3,2,1,895.928,449.511,1345.44
14,0,3,3,1,352.829,990.603,1343.43
15,0,3,4,1,1482.52,737.416,2219.94
16,0,4,0,1,437.8,7.8503,445.65
17,0,4,1,1,746.148,0.629486,746.778
18,0,4,2,1,1144.79,734.879,1879.67
19,0,4,3,1,868.211,9.67313,877.884
20,0,4,4,1,1569.36,0.886258,1570.25
21,0,5,0,1,1061.15,6.52577,1067.68
22,0,5,1,1,1730.5,3.51175,1734.01
23,0,5,2,1,257.035,3.1322,260.168
24,0,5,3,1,142.115,818.04,960.155
25,0,5,4,1,307.56,1591.29,1898.85
26,0,6,0,1,1859.87,1.10103,1860.97
27,0,6,1,1,1617.56,3.09506,1620.66
28,0,6,2,1,67.805,2.01994,69.8249
29,0,6,3,1,140.906,1818.92,1959.82
30,0,6,4,1,141.676,1487.98,1629.66
31,0,7,0,1,356.777,2.3351,359.112
32,0,7,1,1,790.117,1.38158,791.499
33,0,7,2,1,928.437,4.13005,932.567
34,0,7,3,1,37.4195,1.78248,39.202
35,0,7,4,1,94.6329,758.45,853.083
36,0,8,0,1,475.701,832.328,1308.03
37,0,8,1,1,752.039,0.826267,752.865
38,0,8,2,1,843.06,1.64,844.7
39,0,8,3,1,1861.42,2.00603,1863.43
40,0,8,4,1,1572.39,3.36407,1575.76
41,0,9,0,1,1076.32,7.74677,1084.06
42,0,9,1,1,398.241,769.513,1167.75
43,0,9,2,1,653.57,1172.97,1826.54
44,0,9,3,1,637.203,442.268,1079.47
45,0,9,4,1,760.313,1.54019,761.854
46,0,10,0,1,832.221,1.94419,834.165
47,0,10,1,1,1057.6,1.28792,1058.89
48,0,10,2,1,192.747,3.8882,196.635
49,0,10,3,1,1978.06,643.957,2622.01
50,0,10,4,1,1917.58,4.8739,1922.45
iteration,runner id,assimilation cycle,state id,timesteps,compute walltime (ms),idle walltime (ms),idle + compute walltime(ms)
0,0,-2,-1,0,0.21952,0,0.21952
1,0,1,0,1,680.46,7.21332,687.673
2,0,1,1,1,776.839,1158.58,1935.42
3,0,1,2,1,1005.97,814.925,1820.9
4,0,1,3,1,1306.83,1.66584,1308.49
5,0,1,4,1,855.667,1.22439,856.892
6,0,2,0,1,727.604,147.052,874.656
7,0,2,1,1,63.1486,577.839,640.988
8,0,2,2,1,1391.82,789.773,2181.59
9,0,2,3,1,120.453,6.00523,126.459
10,0,2,4,1,1531.31,0.767343,1532.08
11,0,3,0,1,1857.2,2.12588,1859.33
12,0,3,1,1,1103.88,2.69792,1106.58
13,0,3,2,1,876.778,427.813,1304.59
14,0,3,3,1,348.238,1003.52,1351.76
15,0,3,4,1,1522.32,742.542,2264.86
16,0,4,0,1,426.905,4.1006,431.005
17,0,4,1,1,747.596,1.39483,748.991
18,0,4,2,1,1145.5,730.596,1876.09
19,0,4,3,1,861.421,2.3499,863.771
20,0,4,4,1,1573.22,0.911697,1574.13
21,0,5,0,1,1077.51,3.01692,1080.52
22,0,5,1,1,1730.4,2.60142,1733
23,0,5,2,1,251.463,2.02611,253.489
24,0,5,3,1,149.935,817.634,967.569
25,0,5,4,1,285.605,1593.44,1879.04
26,0,6,0,1,1862.85,7.57315,1870.42
27,0,6,1,1,1613.03,2.24237,1615.27
28,0,6,2,1,58.5265,1.22636,59.7529
29,0,6,3,1,118.316,1814.88,1933.2
30,0,6,4,1,144.053,1492.12,1636.18
31,0,7,0,1,339.988,2.46665,342.455
32,0,7,1,1,790.892,2.56204,793.454
33,0,7,2,1,916.889,1.614,918.503
34,0,7,3,1,44.7392,2.24903,46.9882
35,0,7,4,1,93.5027,762.061,855.564
36,0,8,0,1,459.258,840.212,1299.47
37,0,8,1,1,754.329,1.51287,755.842
38,0,8,2,1,861.066,1.74494,862.811
39,0,8,3,1,1845.02,3.9225,1848.94
40,0,8,4,1,1569.1,5.15316,1574.26
41,0,9,0,1,1098.6,5.77351,1104.37
42,0,9,1,1,411.993,762.556,1174.55
43,0,9,2,1,656.545,1165.11,1821.65
44,0,9,3,1,634.758,427.281,1062.04
45,0,9,4,1,742.883,3.24119,746.124
46,0,10,0,1,831.98,1.46597,833.446
47,0,10,1,1,1064.69,0.969987,1065.66
48,0,10,2,1,192.722,0.875202,193.597
49,0,10,3,1,1973.95,645.545,2619.49
50,0,10,4,1,1925.39,3.34256,1928.74
iteration,runner id,assimilation cycle,state id,timesteps,compute walltime (ms),idle walltime (ms),idle + compute walltime(ms)
0,0,-2,-1,0,0.206195,0,0.206195
1,0,1,0,1,673.59,13.1659,686.755
2,0,1,1,1,781.46,1162.15,1943.61
3,0,1,2,1,1015.72,814.179,1829.9
4,0,1,3,1,1309.47,1.59352,1311.07
5,0,1,4,1,853.223,1.10824,854.331
6,0,2,0,1,728.649,142.433,871.081
7,0,2,1,1,85.0363,582.263,667.3
8,0,2,2,1,1386.71,793.97,2180.68
9,0,2,3,1,125.343,4.66941,130.012
10,0,2,4,1,1538.29,1.58517,1539.87
11,0,3,0,1,1853.43,1.21236,1854.64
12,0,3,1,1,1090.77,1.38155,1092.15
13,0,3,2,1,863.48,449.331,1312.81
14,0,3,3,1,370.197,996.871,1367.07
15,0,3,4,1,1476.1,735.157,2211.26
16,0,4,0,1,429.918,5.8951,435.813
17,0,4,1,1,741.673,2.46157,744.134
18,0,4,2,1,1145.56,736.539,1882.1
19,0,4,3,1,865.583,1.58606,867.169
20,0,4,4,1,1569.76,1.66539,1571.42
21,0,5,0,1,1062.18,2.44806,1064.62
22,0,5,1,1,1751.38,0.772429,1752.15
23,0,5,2,1,254.048,0.984124,255.032
24,0,5,3,1,139.401,819.453,958.854
25,0,5,4,1,274.905,1591.1,1866
26,0,6,0,1,1864.07,1.74577,1865.82
27,0,6,1,1,1616.3,3.8408,1620.15
28,0,6,2,1,52.2572,1.96834,54.2255
29,0,6,3,1,119.543,1816.47,1936.01
30,0,6,4,1,141.596,1496.91,1638.51
31,0,7,0,1,351.804,6.39121,358.196
32,0,7,1,1,788.28,1.30219,789.582
33,0,7,2,1,913.812,0.616174,914.428
34,0,7,3,1,27.0991,3.84492,30.944
35,0,7,4,1,87.6959,766.596,854.292
36,0,8,0,1,461.232,835.002,1296.23
37,0,8,1,1,769.431,1.11747,770.548
38,0,8,2,1,851.325,2.15424,853.479
39,0,8,3,1,1839.88,3.18619,1843.06
40,0,8,4,1,1592.99,3.6473,1596.64
41,0,9,0,1,1080.1,6.05223,1086.15
42,0,9,1,1,408.723,765.486,1174.21
43,0,9,2,1,655.417,1176.17,1831.59
44,0,9,3,1,634.231,424.733,1058.96
45,0,9,4,1,748.832,2.29904,751.131
46,0,10,0,1,834.277,3.56735,837.844
47,0,10,1,1,1057.53,1.48429,1059.02
48,0,10,2,1,189.364,5.44284,194.807
49,0,10,3,1,1972.05,645.226,2617.27
50,0,10,4,1,1914.45,7.13613,1921.59
iteration,runner id,assimilation cycle,state id,timesteps,compute walltime (ms),idle walltime (ms),idle + compute walltime(ms)
0,0,-2,-1,0,0.270712,0,0.270712
1,0,1,0,1,676.179,1.72105,677.901
2,0,1,1,1,795.096,1158.36,1953.46
3,0,1,2,1,992.605,807.066,1799.67
4,0,1,3,1,1299.22,3.28384,1302.51
5,0,1,4,1,850.59,2.98897,853.579
6,0,2,0,1,732.637,150.51,883.147
7,0,2,1,1,64.1958,578.345,642.541
8,0,2,2,1,1384.11,790.532,2174.64
9,0,2,3,1,150.349,0.491047,150.841
10,0,2,4,1,1532.11,0.879655,1532.99
11,0,3,0,1,1858.17,1.44687,1859.61
12,0,3,1,1,1094.08,7.05374,1101.14
13,0,3,2,1,855.46,443.416,1298.88
14,0,3,3,1,351.902,1000.11,1352.01
15,0,3,4,1,1481.01,738.986,2220
16,0,4,0,1,444.921,19.7425,464.664
17,0,4,1,1,741.945,4.44659,746.391
18,0,4,2,1,1142.87,733.778,1876.65
19,0,4,3,1,864.386,4.00865,868.394
20,0,4,4,1,1569.25,3.97632,1573.22
21,0,5,0,1,1062.44,4.827,1067.26
22,0,5,1,1,1729.03,1.77875,1730.81
23,0,5,2,1,253.487,1.81787,255.305
24,0,5,3,1,136.637,816.789,953.426
25,0,5,4,1,307.566,1592.99,1900.55
26,0,6,0,1,1859.65,2.99674,1862.65
27,0,6,1,1,1627.53,4.22211,1631.75
28,0,6,2,1,52.1075,2.90191,55.0094
29,0,6,3,1,156.863,1815.53,1972.39
30,0,6,4,1,155.947,1486.23,1642.18
31,0,7,0,1,337.865,2.72577,340.591
32,0,7,1,1,794.039,1.76981,795.809
33,0,7,2,1,920.715,1.49402,922.209
34,0,7,3,1,25.2696,2.10913,27.3788
35,0,7,4,1,102.52,768.609,871.129
36,0,8,0,1,473.762,835.308,1309.07
37,0,8,1,1,760.411,3.23096,763.642
38,0,8,2,1,845.67,0.45035,846.12
39,0,8,3,1,1879.2,9.26138,1888.46
40,0,8,4,1,1576.51,2.09702,1578.61
41,0,9,0,1,1082.13,1.18029,1083.31
42,0,9,1,1,407.408,766.402,1173.81
43,0,9,2,1,658.197,1175.54,1833.74
44,0,9,3,1,649.429,425.652,1075.08
45,0,9,4,1,748.26,2.66066,750.921
46,0,10,0,1,830.125,4.42657,834.552
47,0,10,1,1,1059.28,1.46617,1060.74
48,0,10,2,1,202.617,1.03467,203.652
49,0,10,3,1,1966.51,648.496,2615.01
50,0,10,4,1,1914.5,2.80504,1917.31
iteration,runner id,assimilation cycle,state id,timesteps,compute walltime (ms),idle walltime (ms),idle + compute walltime(ms)
0,0,-2,-1,0,2.15638,0,2.15638
1,0,1,0,1,714.341,9.77498,724.116
2,0,1,1,1,777.074,1163.15,1940.23
3,0,1,2,1,1007.75,816.444,1824.19
4,0,1,3,1,1320.3,1.88778,1322.19
5,0,1,4,1,843.06,1.58979,844.65
6,0,2,0,1,746.873,147.658,894.531
7,0,2,1,1,95.7616,576.327,672.089
8,0,2,2,1,1388.72,795.036,2183.76
9,0,2,3,1,119.72,0.532749,120.253
10,0,2,4,1,1534.29,9.85029,1544.14
11,0,3,0,1,1858.17,3.10836,1861.27
12,0,3,1,1,1100.28,1.15213,1101.43
13,0,3,2,1,853.916,447.322,1301.24
14,0,3,3,1,352.95,1003.44,1356.39
15,0,3,4,1,1474.4,745.468,2219.87
16,0,4,0,1,444.09,5.10847,449.198
17,0,4,1,1,741.157,5.03787,746.195
18,0,4,2,1,1137.54,738.877,1876.42
19,0,4,3,1,868.268,11.3044,879.573
20,0,4,4,1,1564.96,5.22722,1570.19
21,0,5,0,1,1065.73,1.48653,1067.22
22,0,5,1,1,1733.83,2.33451,1736.16
23,0,5,2,1,248.628,2.46525,251.093
24,0,5,3,1,171.773,817.422,989.196
25,0,5,4,1,279.322,1584.27,1863.59
26,0,6,0,1,1863.77,5.73905,1869.51
27,0,6,1,1,1632.87,1.85479,1634.73
28,0,6,2,1,48.6279,3.6615,52.2894
29,0,6,3,1,133.147,1816.19,1949.34
30,0,6,4,1,148.416,1482.48,1630.89
31,0,7,0,1,340.681,4.77653,345.457
32,0,7,1,1,802.571,5.20733,807.778
33,0,7,2,1,921.291,2.01853,923.309
34,0,7,3,1,29.2139,4.03947,33.2533
35,0,7,4,1,90.6065,765.48,856.086
36,0,8,0,1,489.105,850.647,1339.75
37,0,8,1,1,764.426,1.75131,766.177
38,0,8,2,1,854.27,2.38304,856.653
39,0,8,3,1,1850.09,1.28952,1851.38
40,0,8,4,1,1577.05,0.952737,1578
41,0,9,0,1,1075.28,6.46565,1081.75
42,0,9,1,1,405.336,768.555,1173.89
43,0,9,2,1,657.68,1173.2,1830.88
44,0,9,3,1,632.375,426.6,1058.97
45,0,9,4,1,747.031,2.38303,749.414
46,0,10,0,1,833.618,4.85144,838.469
47,0,10,1,1,1056.62,2.17537,1058.8
48,0,10,2,1,193.319,1.81516,195.135
49,0,10,3,1,1967.51,648.703,2616.22
50,0,10,4,1,1918.9,1.02799,1919.92
iteration,runner id,assimilation cycle,state id,timesteps,compute walltime (ms),idle walltime (ms),idle + compute walltime(ms)
0,0,-2,-1,0,0.128257,0,0.128257
1,0,1,0,1,688.741,7.98279,696.724
2,0,1,1,1,796.974,1159.29,1956.26
3,0,1,2,1,986.726,815.75,1802.48
4,0,1,3,1,1314.81,5.60039,1320.41
5,0,1,4,1,860.36,0.87126,861.231
6,0,2,0,1,730.827,141.784,872.611
7,0,2,1,1,58.068,574.424,632.492
8,0,2,2,1,1387.84,788.497,2176.33
9,0,2,3,1,122.373,1.55871,123.932
10,0,2,4,1,1531.93,3.37749,1535.3
11,0,3,0,1,1863.28,2.47119,1865.75
12,0,3,1,1,1090.96,0.812391,1091.77
13,0,3,2,1,858.908,447.33,1306.24
14,0,3,3,1,350.59,997.553,1348.14
15,0,3,4,1,1485.12,734.732,2219.86
16,0,4,0,1,438.093,4.57798,442.671
17,0,4,1,1,743.328,1.00341,744.332
18,0,4,2,1,1167.33,733.711,1901.04
19,0,4,3,1,868.893,0.52156,869.414
20,0,4,4,1,1572.31,4.18086,1576.49
21,0,5,0,1,1062.24,4.70023,1066.94
22,0,5,1,1,1732.43,3.3814,1735.81
23,0,5,2,1,254.593,1.30076,255.893
24,0,5,3,1,148.643,814.373,963.017
25,0,5,4,1,281.222,1601.77,1882.99
26,0,6,0,1,1859.83,2.25625,1862.09
27,0,6,1,1,1622.46,1.60447,1624.07
28,0,6,2,1,53.37,3.68223,57.0522
29,0,6,3,1,135.977,1814.73,1950.71
30,0,6,4,1,144.309,1494.31,1638.62
31,0,7,0,1,344.815,6.17386,350.989
32,0,7,1,1,792.603,0.526457,793.13
33,0,7,2,1,920.469,1.6067,922.076
34,0,7,3,1,30.0601,1.31103,31.3711
35,0,7,4,1,91.2862,766.549,857.835
36,0,8,0,1,459.906,830.739,1290.64
37,0,8,1,1,755.336,1.22828,756.564
38,0,8,2,1,871.69,4.14469,875.835
39,0,8,3,1,1848.76,14.2017,1862.97
40,0,8,4,1,1591.68,2.04716,1593.72
41,0,9,0,1,1079.42,4.45886,1083.88
42,0,9,1,1,402.71,764.501,1167.21
43,0,9,2,1,651.417,1173.18,1824.59
44,0,9,3,1,638.398,433.588,1071.99
45,0,9,4,1,750.051,0.906489,750.957
46,0,10,0,1,836.445,16.284,852.729
47,0,10,1,1,1064.41,2.95424,1067.37
48,0,10,2,1,192.382,1.39431,193.777
49,0,10,3,1,1968.97,643.572,2612.54
50,0,10,4,1,1920.44,0.798247,1921.24
iteration,runner id,assimilation cycle,state id,timesteps,compute walltime (ms),idle walltime (ms),idle + compute walltime(ms)
0,0,-2,-1,0,0.137781,0,0.137781
1,0,1,0,1,678.906,6.32023,685.227
2,0,1,1,1,791.295,1161.46,1952.75
3,0,1,2,1,1005.59,815.236,1820.82
4,0,1,3,1,1306.77,2.77468,1309.54
5,0,1,4,1,849.713,2.51513,852.229
6,0,2,0,1,727.046,145.403,872.449
7,0,2,1,1,60.927,581.899,642.826
8,0,2,2,1,1391.28,787.338,2178.62
9,0,2,3,1,125.245,4.64755,129.893
10,0,2,4,1,1529.21,3.26583,1532.47
11,0,3,0,1,1854.24,1.88922,1856.13
12,0,3,1,1,1089.71,3.88559,1093.59
13,0,3,2,1,864.25,449.595,1313.84
14,0,3,3,1,348.466,1002.75,1351.22
15,0,3,4,1,1491.55,739.61,2231.16
16,0,4,0,1,426.13,1.62671,427.757
17,0,4,1,1,748.618,0.987025,749.605
18,0,4,2,1,1143.51,728.67,1872.18
19,0,4,3,1,870.822,1.41513,872.237
20,0,4,4,1,1568.61,1.00425,1569.61
21,0,5,0,1,1068.22,6.529,1074.75
22,0,5,1,1,1731.83,4.16654,1735.99
23,0,5,2,1,261.1,0.976206,262.076
24,0,5,3,1,139.032,813.532,952.564
25,0,5,4,1,270.955,1600.72,1871.67
26,0,6,0,1,1862.15,3.02109,1865.17
27,0,6,1,1,1615.72,1.04412,1616.77
28,0,6,2,1,47.6417,7.71546,55.3571
29,0,6,3,1,119.137,1818.89,1938.03
30,0,6,4,1,140.517,1494.26,1634.78
31,0,7,0,1,339.068,4.49401,343.562
32,0,7,1,1,796.141,3.82269,799.963
33,0,7,2,1,937.317,1.68832,939.006
34,0,7,3,1,31.8707,1.11929,32.99
35,0,7,4,1,94.9328,769.053,863.986
36,0,8,0,1,467.832,829.003,1296.84
37,0,8,1,1,753.666,5.07734,758.743
38,0,8,2,1,851.51,1.88202,853.392
39,0,8,3,1,1844.06,3.28349,1847.34
40,0,8,4,1,1578.1,1.49324,1579.6
41,0,9,0,1,1087.54,3.94582,1091.48
42,0,9,1,1,406.552,764.853,1171.4
43,0,9,2,1,669.431,1171.22,1840.65
44,0,9,3,1,675.662,432.294,1107.96
45,0,9,4,1,743.409,8.15429,751.564
46,0,10,0,1,829.954,3.14365,833.098
47,0,10,1,1,1064.4,3.7619,1068.16
48,0,10,2,1,186.897,2.05137,188.949
49,0,10,3,1,1984.53,651.339,2635.87
50,0,10,4,1,1918.37,4.60127,1922.97
iteration,runner id,assimilation cycle,state id,timesteps,compute walltime (ms),idle walltime (ms),idle + compute walltime(ms)
0,0,-2,-1,0,0.202894,0,0.202894
1,0,1,0,1,690.991,4.10145,695.093
2,0,1,1,1,783.143,1162.5,1945.64
3,0,1,2,1,999.386,814.408,1813.79
4,0,1,3,1,1304.06,1.18991,1305.25
5,0,1,4,1,845.077,0.373906,845.451
6,0,2,0,1,726.959,145.715,872.674
7,0,2,1,1,84.049,602.444,686.493
8,0,2,2,1,1394.07,780.069,2174.14
9,0,2,3,1,123.712,2.09844,125.81
10,0,2,4,1,1528.07,1.16885,1529.24
11,0,3,0,1,1869.62,3.51737,1873.14
12,0,3,1,1,1111.54,1.60185,1113.14
13,0,3,2,1,865.972,432.129,1298.1
14,0,3,3,1,383.977,1014.08,1398.05
15,0,3,4,1,1475.73,736.032,2211.77
16,0,4,0,1,434.295,2.47277,436.768
17,0,4,1,1,745.201,1.9517,747.153
18,0,4,2,1,1142.15,736.486,1878.63
19,0,4,3,1,881.697,0.822209,882.519
20,0,4,4,1,1566.99,5.67785,1572.67
21,0,5,0,1,1061.77,2.12017,1063.89
22,0,5,1,1,1725.94,2.05586,1728
23,0,5,2,1,250.459,3.9236,254.383
24,0,5,3,1,150.039,815.784,965.824
25,0,5,4,1,288.642,1590.48,1879.13
26,0,6,0,1,1862.31,7.60932,1869.92
27,0,6,1,1,1628.06,4.0206,1632.08
28,0,6,2,1,61.3375,5.15488,66.4924
29,0,6,3,1,128.089,1815.34,1943.42
30,0,6,4,1,166.88,1490.4,1657.28
31,0,7,0,1,339.483,2.6465,342.13
32,0,7,1,1,797.471,1.40283,798.874
33,0,7,2,1,950.694,0.460491,951.154
34,0,7,3,1,22.9076,1.86805,24.7756
35,0,7,4,1,102.018,767.422,869.44
36,0,8,0,1,463.651,829.572,1293.22
37,0,8,1,1,766.474,0.904984,767.379
38,0,8,2,1,851.4,2.68718,854.087
39,0,8,3,1,1848.7,3.10871,1851.81
40,0,8,4,1,1598.02,1.03977,1599.06
41,0,9,0,1,1076.95,5.85458,1082.81
42,0,9,1,1,436.627,771.217,1207.84
43,0,9,2,1,669.355,1174.85,1844.21
44,0,9,3,1,653.6,425.198,1078.8
45,0,9,4,1,759.862,2.26796,762.13
46,0,10,0,1,834.016,5.36625,839.382
47,0,10,1,1,1064.11,0.513454,1064.62
48,0,10,2,1,183.121,6.45465,189.576
49,0,10,3,1,1974.77,646.388,2621.16
50,0,10,4,1,1927.09,4.92397,1932.01
iteration,runner id,assimilation cycle,state id,timesteps,compute walltime (ms),idle walltime (ms),idle + compute walltime(ms)
0,0,-2,-1,0,1590.29,0,1590.29
1,0,1,0,1,676.382,1.41722,677.8
2,0,1,1,1,783.303,1158.5,1941.81
3,0,1,2,1,987.977,812.35,1800.33
4,0,1,3,1,1298.3,1.60864,1299.91
5,0,1,4,1,848.839,3.16713,852.006
6,0,2,0,1,729.799,143.629,873.428
7,0,2,1,1,68.1861,577.054,645.241
8,0,2,2,1,1383.07,787.527,2170.59
9,0,2,3,1,132.529,2.02801,134.557
10,0,2,4,1,1528.65,3.80698,1532.45
11,0,3,0,1,1852.8,2.95195,1855.75
12,0,3,1,1,1088.39,3.7385,1092.13
13,0,3,2,1,866.951,446.99,1313.94
14,0,3,3,1,346.044,1000.16,1346.2
15,0,3,4,1,1476.09,738.975,2215.07
16,0,4,0,1,422.732,3.48328,426.215
17,0,4,1,1,737.182,1.01113,738.193
18,0,4,2,1,1142.51,736.428,1878.94
19,0,4,3,1,865.727,0.450465,866.177
20,0,4,4,1,1568.38,0.543713,1568.92
21,0,5,0,1,1069.44,1.30867,1070.75
22,0,5,1,1,1734.77,2.41464,1737.18
23,0,5,2,1,271.19,0.98439,272.174
24,0,5,3,1,147.786,815.661,963.446
25,0,5,4,1,286.05,1590.8,1876.85
26,0,6,0,1,1864.46,0.677109,1865.13
27,0,6,1,1,1612.49,0.859405,1613.35
28,0,6,2,1,52.7162,1.51609,54.2323
29,0,6,3,1,125.654,1814.7,1940.36
30,0,6,4,1,151.308,1488.66,1639.97
31,0,7,0,1,334.518,2.47762,336.996
32,0,7,1,1,789.54,0.874517,790.414
33,0,7,2,1,933.164,0.621784,933.786
34,0,7,3,1,30.6882,0.576675,31.2649
35,0,7,4,1,93.627,764.81,858.437
36,0,8,0,1,465.607,830.129,1295.74
37,0,8,1,1,753.626,0.42589,754.052
38,0,8,2,1,858.904,0.959896,859.864
39,0,8,3,1,1864.14,0.970948,1865.11
40,0,8,4,1,1568.37,4.76781,1573.14
41,0,9,0,1,1076.18,1.05873,1077.23
42,0,9,1,1,412.808,773.87,1186.68
43,0,9,2,1,672.79,1184.88,1857.67
44,0,9,3,1,640.575,426.489,1067.06
45,0,9,4,1,740.468,5.39964,745.868
46,0,10,0,1,826.757,2.41654,829.174
47,0,10,1,1,1064,1.38786,1065.38
48,0,10,2,1,200.668,3.34229,204.01
49,0,10,3,1,1960.45,643.028,2603.48
50,0,10,4,1,1926.17,2.09755,1928.27
iteration,runner id,assimilation cycle,state id,timesteps,compute walltime (ms),idle walltime (ms),idle + compute walltime(ms)
0,0,-2,-1,0,1586.47,0,1586.47
1,0,1,0,1,672.572,2.64534,675.218
2,0,1,1,1,788.622,1163.98,1952.61
3,0,1,2,1,986.065,814.083,1800.15
4,0,1,3,1,1305.38,0.803594,1306.18
5,0,1,4,1,848.729,1.29489,850.024
6,0,2,0,1,752.155,147.392,899.547
7,0,2,1,1,60.6207,575.115,635.736
8,0,2,2,1,1384.72,784.006,2168.73
9,0,2,3,1,125.933,0.903525,126.836
10,0,2,4,1,1533.17,2.94972,1536.12
11,0,3,0,1,1852.24,1.399,1853.64
12,0,3,1,1,1097.67,0.590143,1098.26
13,0,3,2,1,852.747,446.023,1298.77
14,0,3,3,1,345.938,1001.2,1347.14
15,0,3,4,1,1477.04,737.853,2214.89
16,0,4,0,1,424.492,1.48833,425.98
17,0,4,1,1,753.523,0.42649,753.949
18,0,4,2,1,1146.8,734.19,1880.99
19,0,4,3,1,869.072,1.67862,870.751
20,0,4,4,1,1564.25,1.25924,1565.51
21,0,5,0,1,1068.25,4.35914,1072.61
22,0,5,1,1,1733.68,1.14854,1734.83
23,0,5,2,1,251.607,1.33904,252.946
24,0,5,3,1,167.091,817.563,984.655
25,0,5,4,1,285.765,1594.03,1879.79
26,0,6,0,1,1858.28,3.10208,1861.38
27,0,6,1,1,1610.84,1.3601,1612.2
28,0,6,2,1,53.2138,1.14904,54.3629
29,0,6,3,1,137.816,1820.27,1958.08
30,0,6,4,1,148.19,1486.17,1634.36
31,0,7,0,1,335.866,1.42257,337.289
32,0,7,1,1,795.885,1.09713,796.982
33,0,7,2,1,919.894,1.1054,920.999
34,0,7,3,1,22.8592,5.5324,28.3916
35,0,7,4,1,90.8377,766.507,857.345
36,0,8,0,1,461.424,829.397,1290.82
37,0,8,1,1,758.466,0.681931,759.148
38,0,8,2,1,847.362,1.32983,848.692
39,0,8,3,1,1863.28,1.02001,1864.3
40,0,8,4,1,1579.7,2.0163,1581.72
41,0,9,0,1,1083.5,1.10691,1084.61
42,0,9,1,1,403.956,764.431,1168.39
43,0,9,2,1,651.281,1176.37,1827.65
44,0,9,3,1,631.466,424.979,1056.45
45,0,9,4,1,750.626,1.47665,752.102
46,0,10,0,1,826.64,0.545477,827.186
47,0,10,1,1,1058.94,1.22122,1060.16
48,0,10,2,1,199.209,0.709084,199.918
49,0,10,3,1,1969.84,653.105,2622.94
50,0,10,4,1,1927.05,1.03577,1928.09
iteration,runner id,assimilation cycle,state id,timesteps,compute walltime (ms),idle walltime (ms),idle + compute walltime(ms)
0,0,-2,-1,0,1588.03,0,1588.03
1,0,1,0,1,675.714,1.64716,677.361
2,0,1,1,1,776.356,1166.48,1942.83
3,0,1,2,1,992.723,814.614,1807.34
4,0,1,3,1,1305.74,1.50181,1307.24
5,0,1,4,1,859.998,0.782166,860.781
6,0,2,0,1,731.815,142.815,874.63
7,0,2,1,1,68.4252,574.77,643.195
8,0,2,2,1,1388.5,787.003,2175.51
9,0,2,3,1,121.506,0.964497,122.471
10,0,2,4,1,1530.93,1.13524,1532.07
11,0,3,0,1,1857.94,1.70765,1859.64
12,0,3,1,1,1089.53,1.23802,1090.76
13,0,3,2,1,862.011,447.593,1309.6
14,0,3,3,1,353.587,1001.19,1354.78
15,0,3,4,1,1486.17,737.117,2223.29
16,0,4,0,1,428.715,0.812998,429.528
17,0,4,1,1,740.644,2.4093,743.053
18,0,4,2,1,1141.38,733.909,1875.29
19,0,4,3,1,866.561,1.58803,868.149
20,0,4,4,1,1581.54,1.17394,1582.72
21,0,5,0,1,1079.98,1.41491,1081.39
22,0,5,1,1,1748.37,1.12589,1749.5
23,0,5,2,1,248.554,3.20509,251.759
24,0,5,3,1,141.789,812.72,954.509
25,0,5,4,1,304.354,1591.62,1895.97
26,0,6,0,1,1859.27,4.47816,1863.75
27,0,6,1,1,1609.69,1.79475,1611.48
28,0,6,2,1,52.2177,9.61314,61.8309
29,0,6,3,1,117.874,1814.91,1932.78
30,0,6,4,1,138.712,1491.55,1630.26
31,0,7,0,1,336.46,1.68822,338.149
32,0,7,1,1,787.748,0.464014,788.212
33,0,7,2,1,924.026,1.42648,925.452
34,0,7,3,1,33.9063,1.10428,35.0106
35,0,7,4,1,85.7056,764.791,850.497
36,0,8,0,1,464.992,830.488,1295.48
37,0,8,1,1,747.595,3.28515,750.88
38,0,8,2,1,855.885,0.458193,856.343
39,0,8,3,1,1839.32,4.34236,1843.66
40,0,8,4,1,1575.06,1.34337,1576.41
41,0,9,0,1,1075.58,1.72128,1077.3
42,0,9,1,1,402.634,765.354,1167.99
43,0,9,2,1,678.258,1172.99,1851.25
44,0,9,3,1,644.417,429.417,1073.83
45,0,9,4,1,751.893,3.51549,755.408
46,0,10,0,1,839.92,2.08224,842.002
47,0,10,1,1,1058.61,2.0717,1060.68
48,0,10,2,1,184.892,0.686186,185.578
49,0,10,3,1,1966.36,647.437,2613.8
50,0,10,4,1,1941.11,0.634512,1941.75
iteration,runner id,assimilation cycle,state id,timesteps,compute walltime (ms),idle walltime (ms),idle + compute walltime(ms)
0,0,-2,-1,0,1588.15,0,1588.15
1,0,1,0,1,678.428,7.62276,686.051
2,0,1,1,1,776.747,1158.74,1935.49
3,0,1,2,1,987.361,817.185,1804.55
4,0,1,3,1,1311.59,2.3149,1313.91
5,0,1,4,1,845.708,1.54756,847.255
6,0,2,0,1,730.747,147.113,877.86
7,0,2,1,1,57.6988,574.415,632.114
8,0,2,2,1,1384.36,788.513,2172.87
9,0,2,3,1,126.519,1.45743,127.976
10,0,2,4,1,1526.28,1.1038,1527.38
11,0,3,0,1,1854.1,1.58735,1855.68
12,0,3,1,1,1119.82,0.434035,1120.26
13,0,3,2,1,860.094,448.182,1308.28
14,0,3,3,1,364.268,1001.87,1366.14
15,0,3,4,1,2131.33,737.794,2869.12
16,0,4,0,1,427.411,1.29069,428.701
17,0,4,1,1,739.247,0.588878,739.836
18,0,4,2,1,1151.34,736.273,1887.61
19,0,4,3,1,872.196,2.12944,874.326
20,0,4,4,1,1579.57,1.0592,1580.63
21,0,5,0,1,1060.49,3.32848,1063.81
22,0,5,1,1,1726.19,1.08871,1727.28
23,0,5,2,1,247.368,0.972091,248.34
24,0,5,3,1,137.202,813.842,951.044
25,0,5,4,1,271.844,1594.3,1866.14
26,0,6,0,1,1876.27,2.7022,1878.98
27,0,6,1,1,1608.71,1.78961,1610.5
28,0,6,2,1,50.2043,4.19283,54.3971
29,0,6,3,1,125.681,1808.93,1934.61
30,0,6,4,1,145.027,1488.81,1633.83
31,0,7,0,1,334.28,5.15244,339.433
32,0,7,1,1,788.432,0.792494,789.225
33,0,7,2,1,924.596,1.69859,926.295
34,0,7,3,1,35.9934,6.17126,42.1646
35,0,7,4,1,93.1635,765.621,858.784
36,0,8,0,1,461.154,829.933,1291.09
37,0,8,1,1,747.018,0.985367,748.003
38,0,8,2,1,850.124,6.67281,856.797
39,0,8,3,1,1845.01,2.24167,1847.25
40,0,8,4,1,1575.12,1.81405,1576.94
41,0,9,0,1,1074.27,4.74827,1079.02
42,0,9,1,1,397.743,764.944,1162.69
43,0,9,2,1,658.107,1172.15,1830.26
44,0,9,3,1,631.296,423.912,1055.21
45,0,9,4,1,743.884,1.72891,745.613
46,0,10,0,1,827.699,1.97287,829.672
47,0,10,1,1,1061.24,0.868644,1062.11
48,0,10,2,1,187.892,1.75648,189.648
49,0,10,3,1,1966.7,644.763,2611.46
50,0,10,4,1,1915.11,0.655955,1915.76
iteration,runner id,assimilation cycle,state id,timesteps,compute walltime (ms),idle walltime (ms),idle + compute walltime(ms)
0,0,-2,-1,0,1586.66,0,1586.66
1,0,1,0,1,672.197,1.42791,673.625
2,0,1,1,1,773.032,1162.72,1935.75
3,0,1,2,1,993.077,815.154,1808.23
4,0,1,3,1,1299.88,1.21117,1301.1
5,0,1,4,1,850.623,0.418895,851.042
6,0,2,0,1,727.49,147.124,874.615
7,0,2,1,1,68.3152,576.75,645.066
8,0,2,2,1,1383.73,788.089,2171.82
9,0,2,3,1,126.436,3.99885,130.434
10,0,2,4,1,1526.92,0.814072,1527.73
11,0,3,0,1,1853.96,2.2755,1856.24
12,0,3,1,1,1083,1.9134,1084.92
13,0,3,2,1,858.281,451.844,1310.12
14,0,3,3,1,353.781,1001.37,1355.15
15,0,3,4,1,1482.67,737.003,2219.67
16,0,4,0,1,427.188,1.87451,429.062
17,0,4,1,1,748.811,0.81173,749.622
18,0,4,2,1,1141.04,737.081,1878.12
19,0,4,3,1,859.675,1.33441,861.009
20,0,4,4,1,1566.09,0.781406,1566.87
21,0,5,0,1,1062.72,1.39428,1064.11
22,0,5,1,1,1725.38,2.58791,1727.97
23,0,5,2,1,247.393,0.642648,248.036
24,0,5,3,1,134.604,816.243,950.847
25,0,5,4,1,280.771,1594.63,1875.4
26,0,6,0,1,1859.08,0.950204,1860.03
27,0,6,1,1,1610.2,2.15361,1612.35
28,0,6,2,1,70.6445,1.4207,72.0652
29,0,6,3,1,171.057,1814.86,1985.92
30,0,6,4,1,142.888,1490.36,1633.25
31,0,7,0,1,335.424,1.24089,336.665
32,0,7,1,1,787.994,1.0789,789.073
33,0,7,2,1,919.988,1.06896,921.057
34,0,7,3,1,30.1552,0.981653,31.1368
35,0,7,4,1,85.0146,764.594,849.609
36,0,8,0,1,458.377,829.546,1287.92
37,0,8,1,1,754.016,1.30952,755.325
38,0,8,2,1,843.564,3.41768,846.981
39,0,8,3,1,1838.33,2.22748,1840.56
40,0,8,4,1,1576.06,1.79966,1577.86
41,0,9,0,1,1077.75,1.59648,1079.35
42,0,9,1,1,397.384,765.436,1162.82
43,0,9,2,1,652.878,1172.66,1825.54
44,0,9,3,1,638.968,427.426,1066.39
45,0,9,4,1,752.855,3.59216,756.447
46,0,10,0,1,829.457,3.07871,832.536
47,0,10,1,1,1060.05,1.17064,1061.22
48,0,10,2,1,219.348,1.28101,220.629
49,0,10,3,1,1975.17,642.72,2617.89
50,0,10,4,1,1912.83,3.09272,1915.92
iteration,runner id,assimilation cycle,state id,timesteps,compute walltime (ms),idle walltime (ms),idle + compute walltime(ms)
0,0,-2,-1,0,0.46211,0,0.46211
1,0,1,0,1,1008.69,5.68125,1014.37
2,0,1,1,1,1036.04,4.79056,1040.83
3,0,1,2,1,1004.23,0.466793,1004.69
4,0,1,3,1,1005.1,2.26557,1007.36
5,0,1,4,1,1015.29,7.12038,1022.41
6,0,2,0,1,1004.45,6.0306,1010.48
7,0,2,1,1,1014.44,1.81183,1016.25
8,0,2,2,1,1010.3,4.26877,1014.56
9,0,2,3,1,1033.05,0.852554,1033.91
10,0,2,4,1,1004.48,6.06991,1010.55
11,0,3,0,1,1011.25,5.27478,1016.52
12,0,3,1,1,1007.42,3.1038,1010.53
13,0,3,2,1,1002.66,4.63309,1007.29
14,0,3,3,1,1010.66,2.64123,1013.3
15,0,3,4,1,1007.69,0.950275,1008.64
16,0,4,0,1,1011.21,6.09809,1017.3
17,0,4,1,1,1011.84,1.61065,1013.45
18,0,4,2,1,1021.27,1.15996,1022.43
19,0,4,3,1,1029.59,3.48805,1033.08
20,0,4,4,1,1029.82,1.52424,1031.34
21,0,5,0,1,1030.34,7.93942,1038.28
22,0,5,1,1,1024.1,3.21004,1027.32
23,0,5,2,1,1007.58,0.805178,1008.38
24,0,5,3,1,1015.21,3.68694,1018.9
25,0,5,4,1,1005.49,1.98904,1007.48
26,0,6,0,1,1002.58,4.19172,1006.78
27,0,6,1,1,1007.82,4.29922,1012.12
28,0,6,2,1,1043.63,1.17631,1044.81
29,0,6,3,1,1031.52,3.01439,1034.54
30,0,6,4,1,1019.62,0.838829,1020.46
31,0,7,0,1,1013.73,5.15116,1018.89
32,0,7,1,1,1031.24,10.6221,1041.86
33,0,7,2,1,1010.52,2.9781,1013.5
34,0,7,3,1,1007.52,5.13339,1012.66
35,0,7,4,1,1009.55,2.04623,1011.59
36,0,8,0,1,1012.74,6.96966,1019.71
37,0,8,1,1,1007.6,1.31619,1008.92
38,0,8,2,1,1011.12,1.00571,1012.12
39,0,8,3,1,1005.28,7.69782,1012.98
40,0,8,4,1,1002.59,5.44597,1008.03
41,0,9,0,1,1001.98,3.4132,1005.39
42,0,9,1,1,1013.03,1.32056,1014.35
43,0,9,2,1,1012.61,2.94896,1015.56
44,0,9,3,1,1026.02,0.754182,1026.78
45,0,9,4,1,1029.07,0.939481,1030.01
46,0,10,0,1,1034.69,5.23875,1039.92
47,0,10,1,1,1006.93,10.0036,1016.94
48,0,10,2,1,1003.42,2.90292,1006.33
49,0,10,3,1,1009.59,4.70606,1014.29
50,0,10,4,1,1010.1,1.43154,1011.53
iteration,runner id,assimilation cycle,state id,timesteps,compute walltime (ms),idle walltime (ms),idle + compute walltime(ms)
0,0,-2,-1,0,0.816645,0,0.816645
1,0,1,0,1,1066.53,7.32548,1073.86
2,0,1,1,1,1029.26,11.3987,1040.66
3,0,1,2,1,1042.23,2.00831,1044.24
4,0,1,3,1,1044.35,3.4802,1047.83
5,0,1,4,1,1023.89,1.3599,1025.25
6,0,2,0,1,1002.29,14.0147,1016.3
7,0,2,1,1,1020.27,8.35558,1028.63
8,0,2,2,1,1012.53,1.58408,1014.12
9,0,2,3,1,1002.16,1.2216,1003.38
10,0,2,4,1,1001.05,8.74662,1009.79
11,0,3,0,1,1014.16,12.8258,1026.99
12,0,3,1,1,1016.13,4.67122,1020.8
13,0,3,2,1,1004.63,4.59523,1009.22
14,0,3,3,1,1011.44,4.90282,1016.34
15,0,3,4,1,1011.66,4.13555,1015.79
16,0,4,0,1,1003.12,4.96046,1008.08
17,0,4,1,1,1065.23,7.05742,1072.29
18,0,4,2,1,1012.57,11.5844,1024.16
19,0,4,3,1,1014.91,1.75324,1016.66
20,0,4,4,1,1005.04,7.86747,1012.9
21,0,5,0,1,1018.63,2.83203,1021.46
22,0,5,1,1,1012.11,4.47322,1016.58
23,0,5,2,1,1011.28,0.857052,1012.14
24,0,5,3,1,1007.26,1.1911,1008.45
25,0,5,4,1,1031.49,4.13879,1035.63
26,0,6,0,1,1004.94,5.2542,1010.19
27,0,6,1,1,1017.26,6.55562,1023.82
28,0,6,2,1,1009.37,0.703837,1010.08
29,0,6,3,1,1011.38,0.752546,1012.13
30,0,6,4,1,1011.71,13.2564,1024.97
31,0,7,0,1,1007.66,6.79007,1014.45
32,0,7,1,1,1024.55,4.63209,1029.18
33,0,7,2,1,1022.37,4.28791,1026.65
34,0,7,3,1,1007.95,8.58612,1016.53
35,0,7,4,1,1010.55,3.00802,1013.55
36,0,8,0,1,1002.64,1.02475,1003.66
37,0,8,1,1,1008.5,4.93583,1013.44
38,0,8,2,1,1010.8,0.456277,1011.26
39,0,8,3,1,1006.11,1.86155,1007.97
40,0,8,4,1,1000.95,3.19805,1004.14
41,0,9,0,1,1019.44,13.3586,1032.79
42,0,9,1,1,1014.69,1.85946,1016.54
43,0,9,2,1,1012.04,0.941017,1012.99
44,0,9,3,1,1017.88,0.640621,1018.52
45,0,9,4,1,1008.99,3.90161,1012.89
46,0,10,0,1,1001.61,10.8065,1012.42
47,0,10,1,1,1025.9,3.27004,1029.17
48,0,10,2,1,1007.6,1.50419,1009.11
49,0,10,3,1,1032.59,1.37883,1033.96
50,0,10,4,1,1004.81,1.95916,1006.77
iteration,runner id,assimilation cycle,state id,timesteps,compute walltime (ms),idle walltime (ms),idle + compute walltime(ms)
0,0,-2,-1,0,0.244767,0,0.244767
1,0,1,0,1,1020.16,1.5572,1021.72
2,0,1,1,1,1010.47,2.91194,1013.38
3,0,1,2,1,1012.69,1.26463,1013.95
4,0,1,3,1,1018.14,17.5149,1035.66
5,0,1,4,1,1013.22,1.81947,1015.04
6,0,2,0,1,1014.19,3.35629,1017.55
7,0,2,1,1,1027.62,9.54667,1037.17
8,0,2,2,1,1015.99,0.881993,1016.87
9,0,2,3,1,1015.83,6.79567,1022.62
10,0,2,4,1,1034.35,5.16926,1039.52
11,0,3,0,1,1000.94,6.56341,1007.51
12,0,3,1,1,1004.78,12.4328,1017.21
13,0,3,2,1,1026.45,9.82664,1036.28
14,0,3,3,1,1002.44,8.25955,1010.7
15,0,3,4,1,1003.33,0.812692,1004.14
16,0,4,0,1,1001.82,3.1758,1005
17,0,4,1,1,1006.63,3.78037,1010.41
18,0,4,2,1,1003.57,0.956803,1004.53
19,0,4,3,1,1006.07,5.45211,1011.52
20,0,4,4,1,1002.88,5.50999,1008.39
21,0,5,0,1,1005.45,4.30222,1009.75
22,0,5,1,1,1003.71,2.26629,1005.97
23,0,5,2,1,1011.1,2.40405,1013.5
24,0,5,3,1,1024.51,2.98561,1027.5
25,0,5,4,1,1014.34,5.18892,1019.53
26,0,6,0,1,1005.88,12.6532,1018.54
27,0,6,1,1,1028.65,0.751358,1029.41
28,0,6,2,1,1006.88,2.49433,1009.38
29,0,6,3,1,1009.66,2.45198,1012.11
30,0,6,4,1,1019.06,4.24167,1023.3
31,0,7,0,1,1029.01,7.74243,1036.75
32,0,7,1,1,1011.08,5.65182,1016.73
33,0,7,2,1,1005.33,1.06545,1006.4
34,0,7,3,1,1003.39,3.61098,1007
35,0,7,4,1,1001.78,1.1154,1002.89
36,0,8,0,1,1008.65,3.41582,1012.06
37,0,8,1,1,1004.72,6.81432,1011.54
38,0,8,2,1,1002.72,0.97061,1003.69
39,0,8,3,1,1003.7,8.70156,1012.4
40,0,8,4,1,1002.61,7.6916,1010.3
41,0,9,0,1,1004.58,7.05768,1011.64
42,0,9,1,1,1014.67,4.66579,1019.34
43,0,9,2,1,1001.21,4.33338,1005.54
44,0,9,3,1,1011.19,3.52517,1014.71
45,0,9,4,1,1009.47,1.15904,1010.63
46,0,10,0,1,1013.25,4.13353,1017.39
47,0,10,1,1,1008.59,2.36515,1010.95
48,0,10,2,1,1004.95,2.52354,1007.47
49,0,10,3,1,1013.09,3.26058,1016.35
50,0,10,4,1,1002.46,2.24426,1004.7
iteration,runner id,assimilation cycle,state id,timesteps,compute walltime (ms),idle walltime (ms),idle + compute walltime(ms)
0,0,-2,-1,0,0.699367,0,0.699367
1,0,1,0,1,1029.99,24.8129,1054.8
2,0,1,1,1,1013.1,4.60153,1017.71
3,0,1,2,1,1001.89,0.595423,1002.49
4,0,1,3,1,1005.2,1.67182,1006.87
5,0,1,4,1,1001.75,3.67819,1005.43
6,0,2,0,1,1020.76,7.12294,1027.88
7,0,2,1,1,1007.48,1.79372,1009.27
8,0,2,2,1,1002.09,6.13779,1008.23
9,0,2,3,1,1004.12,1.41457,1005.53
10,0,2,4,1,1012.98,2.65598,1015.63
11,0,3,0,1,1023.89,4.09918,1027.98
12,0,3,1,1,1026.22,2.47146,1028.7
13,0,3,2,1,1005.23,1.81556,1007.04
14,0,3,3,1,1030.92,5.20907,1036.13
15,0,3,4,1,1016.49,2.13135,1018.62
16,0,4,0,1,1003.23,4.50211,1007.73
17,0,4,1,1,1008.81,2.26975,1011.08
18,0,4,2,1,1009.57,14.3852,1023.95
19,0,4,3,1,1005.32,2.59892,1007.91
20,0,4,4,1,1001.16,3.15651,1004.32
21,0,5,0,1,1004.27,5.73088,1010
22,0,5,1,1,1004.65,1.35536,1006.01
23,0,5,2,1,1003.42,5.31232,1008.73
24,0,5,3,1,1009.16,4.92,1014.08
25,0,5,4,1,1011,1.04643,1012.04
26,0,6,0,1,1004.78,5.90458,1010.69
27,0,6,1,1,1015.85,1.81943,1017.67
28,0,6,2,1,1008.91,5.70525,1014.61
29,0,6,3,1,1009.98,4.78945,1014.77
30,0,6,4,1,1014.38,13.1501,1027.53
31,0,7,0,1,1004.24,7.15714,1011.4
32,0,7,1,1,1021.83,2.53596,1024.36
33,0,7,2,1,1013.16,2.24707,1015.41
34,0,7,3,1,1006.9,0.960344,1007.86
35,0,7,4,1,1027.9,3.41546,1031.32
36,0,8,0,1,1010.62,2.85402,1013.48
37,0,8,1,1,1027.98,6.59257,1034.57
38,0,8,2,1,1022.18,1.842,1024.02
39,0,8,3,1,1015.4,1.23134,1016.63
40,0,8,4,1,1008.77,1.15296,1009.92
41,0,9,0,1,1015.25,8.17322,1023.43
42,0,9,1,1,1015.64,1.30267,1016.94
43,0,9,2,1,1011.77,3.8192,1015.59
44,0,9,3,1,1011.23,7.43661,1018.66
45,0,9,4,1,1003.52,1.25846,1004.78
46,0,10,0,1,1005.41,2.1208,1007.53
47,0,10,1,1,1019.25,3.86024,1023.11
48,0,10,2,1,1014.4,2.59692,1017
49,0,10,3,1,1007.94,1.55696,1009.49
50,0,10,4,1,1028,3.05887,1031.06
iteration,runner id,assimilation cycle,state id,timesteps,compute walltime (ms),idle walltime (ms),idle + compute walltime(ms)
0,0,-2,-1,0,1.74661,0,1.74661
1,0,1,0,1,1016.38,12.853,1029.23
2,0,1,1,1,1005.18,1.63362,1006.81
3,0,1,2,1,1004.82,1.79849,1006.62
4,0,1,3,1,1001.86,6.19184,1008.06
5,0,1,4,1,1001.63,1.73318,1003.36
6,0,2,0,1,1001.2,3.96995,1005.17
7,0,2,1,1,1017.16,0.40038,1017.57
8,0,2,2,1,1007.55,1.06008,1008.61
9,0,2,3,1,1005.99,1.41088,1007.4
10,0,2,4,1,1003.68,6.65824,1010.34
11,0,3,0,1,1021.11,9.06001,1030.17
12,0,3,1,1,1023.45,11.9553,1035.4
13,0,3,2,1,1001.65,0.442755,1002.1
14,0,3,3,1,1002,2.42325,1004.42
15,0,3,4,1,1003.33,4.03794,1007.37
16,0,4,0,1,1002.71,6.67733,1009.39
17,0,4,1,1,1006.51,2.67633,1009.18
18,0,4,2,1,1013.58,5.24019,1018.82
19,0,4,3,1,1005.01,1.59273,1006.6
20,0,4,4,1,1009.1,3.32735,1012.43
21,0,5,0,1,1001.41,7.50267,1008.91
22,0,5,1,1,1013.25,7.14052,1020.39
23,0,5,2,1,1044.06,13.9465,1058
24,0,5,3,1,1015.26,15.2279,1030.49
25,0,5,4,1,1007.39,2.1048,1009.49
26,0,6,0,1,1002.68,2.639,1005.32
27,0,6,1,1,1015.16,0.881133,1016.04
28,0,6,2,1,1026.79,1.20576,1027.99
29,0,6,3,1,1005.26,3.49777,1008.76
30,0,6,4,1,1019.07,13.4058,1032.47
31,0,7,0,1,1019.45,2.42498,1021.88
32,0,7,1,1,1003.73,1.72212,1005.45
33,0,7,2,1,1016,3.16608,1019.17
34,0,7,3,1,1019,3.7154,1022.71
35,0,7,4,1,1007.92,0.693821,1008.62
36,0,8,0,1,1026.09,13.2337,1039.32
37,0,8,1,1,1005.58,3.75754,1009.33
38,0,8,2,1,1000.96,5.20533,1006.16
39,0,8,3,1,1008.02,4.20269,1012.23
40,0,8,4,1,1004.95,2.82502,1007.77
41,0,9,0,1,1009.66,2.48973,1012.15
42,0,9,1,1,1005.97,1.94044,1007.91
43,0,9,2,1,1008.26,1.93741,1010.19
44,0,9,3,1,1004.82,8.07551,1012.89
45,0,9,4,1,1026.8,1.36466,1028.16
46,0,10,0,1,1010.56,5.56766,1016.13
47,0,10,1,1,1009.32,0.631329,1009.95
48,0,10,2,1,1009.43,2.46935,1011.9
49,0,10,3,1,1004.69,4.21584,1008.9
50,0,10,4,1,1007.97,1.07602,1009.05
