iteration,walltime (ms),walltime filter update (ms),max job walltime (ms),min_runners,max_runners,accumulated runner idle time,corresponding pdaf state per runner runner idle time,pdaf slack/melissa-da slack
0,4858.57,0.95253,1800.39,0,1,143.307,1459.42,10.1839
iteration,walltime (ms),walltime filter update (ms),max job walltime (ms),min_runners,max_runners,accumulated runner idle time,corresponding pdaf state per runner runner idle time,pdaf slack/melissa-da slack
0,5992.85,0.039305,1935.78,0,1,1.05964,1402.88,1323.92
1,3598.59,0.089349,1310.95,1,1,577.39,911.138,1.57803
2,2344.32,0.076481,2168.48,1,1,0.795168,4162.31,5234.51
3,4914.38,0.045594,1853.31,1,1,446.417,1092.28,2.44677
4,4407.27,0.091747,2207.78,1,1,0.897708,2217.39,2470.06
5,3033.16,0.043794,1870.56,1,1,1.24216,2579.92,2076.95
6,3487.7,0.056103,1565.39,1,1,1.0624,1209.6,1138.55
7,4512.79,0.079557,1725.89,1,1,1590.58,2255.85,1.41826
8,3740.14,0.084363,1861.25,1,1,0.927493,1845.08,1989.32
9,3605.5,0.075959,1930.03,1,1,0.565615,2185.52,3863.97
iteration,walltime (ms),walltime filter update (ms),max job walltime (ms),min_runners,max_runners,accumulated runner idle time,corresponding pdaf state per runner runner idle time,pdaf slack/melissa-da slack
0,5990.09,0.07928,1935.05,0,1,1.10015,1403.45,1275.69
1,3597.7,0.096062,1298.98,1,1,574.781,874.254,1.52102
2,2346.77,0.211285,2168.66,1,1,2.65274,4160.77,1568.48
3,4908.94,0.076147,1853.52,1,1,446.262,1098.26,2.46102
4,4407.06,0.051028,2208.49,1,1,0.602465,2219.33,3683.75
5,3032.95,0.05169,1870.58,1,1,0.632021,2579.77,4081.78
6,3488.07,0.042783,1565.61,1,1,0.719449,1209.84,1681.63
7,4514.21,0.233416,1728.06,1,1,1590.6,2261.06,1.42152
8,3738.32,0.029852,1859.67,1,1,1.20103,1841.77,1533.49
9,3603.82,0.201619,1929.74,1,1,0.955753,2187,2288.25
iteration,walltime (ms),walltime filter update (ms),max job walltime (ms),min_runners,max_runners,accumulated runner idle time,corresponding pdaf state per runner runner idle time,pdaf slack/melissa-da slack
0,5995.22,0.29697,1934.63,0,1,5.10916,1404.14,274.828
1,3602.33,0.034357,1309.74,1,1,574.963,901.924,1.56866
2,2348.89,0.347215,2169.26,1,1,2.65923,4161.52,1564.93
3,4920.67,0.494724,1856.72,1,1,453.513,1104.26,2.43491
4,4443.54,0.280059,2209.49,1,1,1.57979,2186.76,1384.21
5,3038.72,0.089572,1870.89,1,1,1.02349,2575.38,2516.27
6,3496.83,0.040366,1570.36,1,1,1.37392,1216.2,885.204
7,4525.69,0.063368,1732.59,1,1,1589.49,2262.8,1.4236
8,3743.31,0.064175,1860.55,1,1,3.82435,1840.81,481.338
9,3605.81,0.22421,1927.4,1,1,4.49015,2181.11,485.755
iteration,walltime (ms),walltime filter update (ms),max job walltime (ms),min_runners,max_runners,accumulated runner idle time,corresponding pdaf state per runner runner idle time,pdaf slack/melissa-da slack
0,6000.41,1.37613,1935.53,0,1,4.58169,1400.51,305.675
1,3586.9,0.024679,1300.92,1,1,573.131,889.345,1.55173
2,2352.49,0.024378,2163.45,1,1,2.2067,4139.69,1875.97
3,4916.42,0.051228,1856.74,1,1,448.903,1101.6,2.45399
4,4417.16,0.564855,2217.57,1,1,1.59883,2238.19,1399.89
5,3039.93,0.030377,1870.06,1,1,1.59261,2572.53,1615.29
6,3509.98,0.102354,1572.33,1,1,2.41065,1210.22,502.032
7,4526.05,0.878589,1730.22,1,1,1588.59,2255.17,1.4196
8,3751.96,6.96356,1862.38,1,1,9.62443,1858.61,193.114
9,3615.08,0.216481,1929.39,1,1,7.05328,2180.66,309.169
iteration,walltime (ms),walltime filter update (ms),max job walltime (ms),min_runners,max_runners,accumulated runner idle time,corresponding pdaf state per runner runner idle time,pdaf slack/melissa-da slack
0,6005.08,0.200268,1935.92,0,1,11.7595,1404.82,119.463
1,3612.73,0.680805,1308.98,1,1,576.189,892.027,1.54815
2,2356.41,0.091567,2169.98,1,1,5.24065,4158.18,793.448
3,4933.06,0.076372,1875.1,1,1,446.896,1137.94,2.54631
4,4411.38,0.076558,2207.14,1,1,1.93913,2211.57,1140.5
5,3046.49,0.157214,1869.64,1,1,8.87811,2571.87,289.687
6,3496.83,0.090592,1568.43,1,1,0.817131,1210.86,1481.85
7,4519.67,0.142827,1727.83,1,1,1590.65,2255.13,1.41774
8,3759.36,0.104809,1866.64,1,1,10.742,1847.74,172.011
9,3605.76,0.925055,1930.82,1,1,2.24392,2192.02,976.873
iteration,walltime (ms),walltime filter update (ms),max job walltime (ms),min_runners,max_runners,accumulated runner idle time,corresponding pdaf state per runner runner idle time,pdaf slack/melissa-da slack
0,6010.13,0.089777,1933.04,0,1,4.20057,1383.66,329.398
1,3608.69,0.059216,1321.35,1,1,574.938,930.368,1.61821
2,2365.42,3.83715,2172.18,1,1,4.81726,4163.99,864.389
3,4958.18,0.054439,1866.83,1,1,470.445,1099.63,2.33743
4,4415.13,0.051742,2208.71,1,1,9.47699,2215.25,233.75
5,3057.53,0.060492,1869.65,1,1,5.4623,2559.91,468.65
6,3504.88,0.157123,1576.32,1,1,4.0821,1226.89,300.555
7,4517.15,0.038276,1728.72,1,1,1593.21,2260.73,1.41897
8,3749.88,0.125871,1871.08,1,1,1.82292,1865.24,1023.21
9,3622.24,6.6291,1931.19,1,1,17.9898,2204.76,122.556
iteration,walltime (ms),walltime filter update (ms),max job walltime (ms),min_runners,max_runners,accumulated runner idle time,corresponding pdaf state per runner runner idle time,pdaf slack/melissa-da slack
0,5994.8,0.613442,1936.31,0,1,2.05063,1402.81,684.086
1,3603.33,1.3784,1303.85,1,1,572.367,883.705,1.54395
2,2361.63,0.596218,2178.68,1,1,1.6242,4177.41,2571.97
3,4916.97,0.099424,1856.06,1,1,448.449,1100.03,2.45297
4,4411.88,0.147194,2207.99,1,1,2.47707,2214.28,893.909
5,3046.88,0.109463,1869.69,1,1,1.40817,2563.74,1820.62
6,3496.51,0.327857,1570.38,1,1,2.56113,1218.31,475.691
7,4533.93,0.065194,1733.55,1,1,1593.69,2262.15,1.41944
8,3746.6,0.089507,1860.85,1,1,5.50695,1841.87,334.462
9,3608.75,0.05647,1926.97,1,1,7.52776,2179.35,289.508
iteration,walltime (ms),walltime filter update (ms),max job walltime (ms),min_runners,max_runners,accumulated runner idle time,corresponding pdaf state per runner runner idle time,pdaf slack/melissa-da slack
0,6007.81,0.579161,1933.88,0,1,7.83293,1390.91,177.572
1,3596.95,0.123993,1299.94,1,1,564.834,861.573,1.52536
2,2370.83,0.221634,2173.9,1,1,2.10224,4154.65,1976.29
3,4924,0.055699,1861.57,1,1,450.255,1111.61,2.46886
4,4410.14,1.40005,2208.47,1,1,2.70869,2220.75,819.86
5,3046.5,2.36007,1860.85,1,1,15.9801,2561.54,160.296
6,3499.47,0.068813,1569.61,1,1,1.83564,1211.06,659.748
7,4556.01,0.251533,1762.64,1,1,1598.55,2322.98,1.45318
8,3750.22,1.01244,1861.23,1,1,6.53273,1841.48,281.885
9,3608.71,0.053821,1919.8,1,1,16.2438,2167.8,133.454
iteration,walltime (ms),walltime filter update (ms),max job walltime (ms),min_runners,max_runners,accumulated runner idle time,corresponding pdaf state per runner runner idle time,pdaf slack/melissa-da slack
0,8320.35,0.079256,1932.85,0,1,149.834,3078.75,20.5477
1,5186.11,0.127814,2169.47,1,1,2.53993,5670.74,2232.63
2,7806.17,2.93604,2205.63,1,1,11.5048,3245.47,282.097
3,5490.19,0.067823,1867.73,1,1,20.092,3869.78,192.603
4,5878.6,0.012999,1860.97,1,1,14.6818,3441.5,234.406
5,7077.33,0.068358,1929.4,1,1,3.56155,2575.2,723.054
6,3765.14,0.171156,920.289,1,1,834.079,1672.67,2.00541
7,5488.16,0.068413,1841.71,1,1,8.12099,3731.14,459.444
8,5886,1.41165,1821.57,1,1,10.2225,3237.68,316.722
9,6611.31,0.583818,2605.28,1,1,2.12584,6426.44,3023.01
iteration,walltime (ms),walltime filter update (ms),max job walltime (ms),min_runners,max_runners,accumulated runner idle time,corresponding pdaf state per runner runner idle time,pdaf slack/melissa-da slack
0,8295.08,0.770473,1931.84,0,1,149.033,3106.3,20.843
1,5188.02,1.49465,2169.04,1,1,2.6686,5666.18,2123.28
2,7800.01,0.069249,2205.93,1,1,4.87184,3235.03,664.026
3,5482.12,0.797764,1872.87,1,1,10.4907,3896.71,371.443
4,5863.38,0.304632,1856.3,1,1,4.86912,3424.65,703.341
5,7086.2,1.57392,1925.75,1,1,12.7381,2558.81,200.878
6,3757.03,0.062479,919.182,1,1,829.346,1668.6,2.01194
7,5477.78,0.146057,1839.82,1,1,2.44459,3725.76,1524.09
8,5884.64,1.66435,1822.75,1,1,4.17069,3250.84,779.45
9,6614.6,0.112251,2605.42,1,1,4.33576,6420.11,1480.74
iteration,walltime (ms),walltime filter update (ms),max job walltime (ms),min_runners,max_runners,accumulated runner idle time,corresponding pdaf state per runner runner idle time,pdaf slack/melissa-da slack
0,8299.96,0.155422,1937.02,0,1,148.007,3120.73,21.085
1,5178.33,0.045822,2166.32,1,1,4.06079,5657.75,1393.26
2,7798.59,0.052549,2209.1,1,1,1.88583,3248.68,1722.68
3,5483.81,1.43232,1871.06,1,1,4.65988,3881.98,833.063
4,5863.68,1.07289,1861.4,1,1,4.77889,3452.39,722.425
5,7082.32,0.066825,1930.61,1,1,4.22477,2575.89,609.711
6,3769.62,0.370468,929.414,1,1,841.316,1717.9,2.04193
7,5495.66,0.570986,1843.91,1,1,15.4435,3737.38,242.003
8,5860.6,0.119279,1819.26,1,1,2.4345,3239.26,1330.56
9,6625.94,8.81709,2605.27,1,1,21.9478,6463.57,294.498
iteration,walltime (ms),walltime filter update (ms),max job walltime (ms),min_runners,max_runners,accumulated runner idle time,corresponding pdaf state per runner runner idle time,pdaf slack/melissa-da slack
0,8299.94,0.060584,1930.04,0,1,148.303,3099.59,20.9003
1,5196,0.66964,2187.55,1,1,1.71434,5746.27,3351.89
2,7804.47,1.68911,2205.62,1,1,21.4185,3250.1,151.743
3,5471.67,0.145467,1871.96,1,1,5.59459,3895.26,696.255
4,5884.49,0.641547,1851.13,1,1,12.644,3386.59,267.841
5,7087.87,0.069198,1932.68,1,1,4.8064,2585.69,537.968
6,3769.7,0.136446,918.313,1,1,838.884,1659.56,1.97829
7,5488.55,0.673988,1842.35,1,1,10.0384,3735.21,372.093
8,5871.77,0.799159,1820.47,1,1,9.17453,3240.72,353.23
9,6612.97,2.74419,2606.65,1,1,7.27071,6438.84,885.585
iteration,walltime (ms),walltime filter update (ms),max job walltime (ms),min_runners,max_runners,accumulated runner idle time,corresponding pdaf state per runner runner idle time,pdaf slack/melissa-da slack
0,8295.3,0.164255,1930.4,0,1,148.354,3097.19,20.877
1,5208.71,0.227762,2184.08,1,1,13.0134,5719.91,439.541
2,7801.47,0.060618,2202.04,1,1,23.9529,3231.16,134.896
3,5491.33,0.90205,1870.01,1,1,3.22371,3865.66,1199.13
4,5860.77,0.332648,1862.41,1,1,12.6392,3462.18,273.925
5,7104.17,0.076767,1933.56,1,1,5.07199,2569.94,506.693
6,3748.08,0.023626,915.827,1,1,829.006,1660.54,2.00305
7,5512.49,0.196883,1839.2,1,1,12.2013,3697.47,303.039
8,5866.71,0.24846,1820.49,1,1,1.90907,3239.09,1696.69
9,6603.19,0.068103,2609.59,1,1,2.04337,6447.66,3155.4
iteration,walltime (ms),walltime filter update (ms),max job walltime (ms),min_runners,max_runners,accumulated runner idle time,corresponding pdaf state per runner runner idle time,pdaf slack/melissa-da slack
0,8301.17,0.042805,1931.16,0,1,159.59,3101.7,19.4354
1,5208.65,0.615549,2170.45,1,1,11.4553,5655.42,493.695
2,7812.13,1.49528,2212.24,1,1,7.14077,3260.3,456.575
3,5517.81,2.7011,1868.32,1,1,18.3048,3848.96,210.27
4,5863.48,1.01814,1861.54,1,1,10.2102,3458.47,338.728
5,7091.57,0.084805,1932.92,1,1,5.39454,2578,477.89
6,3771.29,0.064687,918.421,1,1,833.403,1655.12,1.98598
7,5551.45,0.049381,1890.9,1,1,9.72992,3914.42,402.307
8,5871.08,1.14878,1821.51,1,1,8.81372,3246.37,368.331
9,6617.16,0.111331,2602.04,1,1,2.46372,6402.54,2598.73
iteration,walltime (ms),walltime filter update (ms),max job walltime (ms),min_runners,max_runners,accumulated runner idle time,corresponding pdaf state per runner runner idle time,pdaf slack/melissa-da slack
0,8309.3,1.29603,1831.32,0,1,2116.69,2449.26,1.15712
1,5200.59,1.33472,1529.64,1,1,1363.87,2459.06,1.803
2,7830.86,0.361214,1861,1,1,2185.15,1492.77,0.683143
3,5497.01,3.60147,1573.27,1,1,747.223,2396.37,3.20703
4,5893.57,0.438179,1741.39,1,1,2419.96,2831.62,1.17011
5,7130.82,0.081079,1888.15,1,1,3313.36,2314.11,0.698419
6,3768.4,0.365782,922.163,1,1,1605.44,851.624,0.530461
7,5529.07,2.04607,1842.4,1,1,20.7868,3713.09,178.627
8,5914.23,0.031866,1840.69,1,1,2372.19,3302.55,1.3922
9,6620.26,0.126353,1968.19,1,1,644.673,3222.39,4.99849
iteration,walltime (ms),walltime filter update (ms),max job walltime (ms),min_runners,max_runners,accumulated runner idle time,corresponding pdaf state per runner runner idle time,pdaf slack/melissa-da slack
0,8339.38,1.64185,1837.81,0,1,2131.44,2471.91,1.15974
1,5204.45,2.04456,1527.92,1,1,1368.09,2457.18,1.79606
2,7827.38,0.034607,1863.84,1,1,2185.38,1496.35,0.684708
3,5508.21,2.08863,1566.37,1,1,751.116,2351.56,3.13075
4,5907.67,0.183328,1737.2,1,1,2420.47,2803.38,1.1582
5,7092.96,5.19695,1862.05,1,1,3303.55,2245.97,0.679865
6,3789.39,2.76028,925.611,1,1,1606.62,862.404,0.536782
7,5500.22,0.283604,1842.6,1,1,4.52209,3725.79,823.909
8,5886.57,0.297786,1842.49,1,1,2366.6,3335.6,1.40945
9,6617.75,0.125642,1962.33,1,1,654.297,3204.28,4.89729
iteration,walltime (ms),walltime filter update (ms),max job walltime (ms),min_runners,max_runners,accumulated runner idle time,corresponding pdaf state per runner runner idle time,pdaf slack/melissa-da slack
0,6721,0.033757,1841.79,0,1,2124.74,2497.88,1.17562
1,5195.89,0.072274,1528.23,1,1,1363.08,2447,1.79519
2,7803.21,0.074674,1857.14,1,1,2181.51,1483.79,0.680165
3,5507.75,0.221037,1588.4,1,1,738.729,2436.96,3.29885
4,5878.41,0.091797,1730.86,1,1,2406.04,2785.09,1.15754
5,7105.52,0.022692,1875.22,1,1,3300.48,2276.81,0.689844
6,3761.55,0.039331,921.4,1,1,1593.7,847.572,0.531827
7,5492.85,0.832088,1845.53,1,1,1.8049,3740.22,2072.26
8,5877.45,0.162119,1842.41,1,1,2364.32,3336.84,1.41133
9,6606,0.034522,1968.72,1,1,651.716,3245.2,4.97947
iteration,walltime (ms),walltime filter update (ms),max job walltime (ms),min_runners,max_runners,accumulated runner idle time,corresponding pdaf state per runner runner idle time,pdaf slack/melissa-da slack
0,6765.08,0.098229,1846.67,0,1,2118.49,2492.03,1.17632
1,5196.37,0.072592,1528.83,1,1,1364.21,2450.23,1.79608
2,7801.01,0.060074,1859.58,1,1,2181.21,1498.35,0.686936
3,5477.04,0.132586,1566.22,1,1,738.132,2359.09,3.19603
4,5867.42,0.057996,1730.41,1,1,2404.4,2787.33,1.15926
5,7095.97,0.064666,1873.44,1,1,3304.46,2273,0.687856
6,3764.49,0.069153,920.216,1,1,1594.35,838.319,0.525807
7,5483.49,0.063103,1846.67,1,1,0.891999,3751.31,4205.51
8,5880.14,0.042901,1841.16,1,1,2365.12,3328.78,1.40745
9,6603.43,0.200121,1970.45,1,1,645.759,3252.36,5.03649
iteration,walltime (ms),walltime filter update (ms),max job walltime (ms),min_runners,max_runners,accumulated runner idle time,corresponding pdaf state per runner runner idle time,pdaf slack/melissa-da slack
0,6717.43,0.053831,1834,0,1,2125.1,2464.18,1.15956
1,5193.83,0.048899,1528.48,1,1,1363.96,2450.33,1.79648
2,7811.95,0.165603,1861.26,1,1,2184.52,1496.32,0.684968
3,5493.97,0.059864,1572.98,1,1,741.251,2379.11,3.20958
4,5856.85,0.041054,1729.19,1,1,2404.8,2790.43,1.16036
5,7079.87,0.030807,1861.39,1,1,3303.98,2228.06,0.674359
6,3760.96,0.116963,920.265,1,1,1599.31,847.414,0.529862
7,5476.61,0.193048,1845.17,1,1,1.34085,3753.24,2799.14
8,5871.52,0.320404,1841.58,1,1,2364.1,3339.61,1.41264
9,6605.37,0.084913,1968.24,1,1,647.356,3240.17,5.00523
iteration,walltime (ms),walltime filter update (ms),max job walltime (ms),min_runners,max_runners,accumulated runner idle time,corresponding pdaf state per runner runner idle time,pdaf slack/melissa-da slack
0,6731.57,0.044619,1851.73,0,1,2118.21,2531.51,1.19512
1,5196.01,0.051582,1534.89,1,1,1356.1,2479.63,1.8285
2,7850.29,0.080116,1879.77,1,1,2179.5,1550.36,0.711335
3,5489.97,0.473241,1566.6,1,1,735.813,2346.64,3.18918
4,5882.85,0.166392,1733.13,1,1,2407.72,2788.68,1.15823
5,7081.13,0.063059,1861.31,1,1,3303.79,2227.8,0.674315
6,3758.92,0.093816,922.749,1,1,1592.31,856.793,0.538081
7,5510.19,0.074109,1847.6,1,1,1.13606,3729.59,3282.91
8,5907.87,0.143718,1852.53,1,1,2361.75,3357.2,1.42149
9,6595.12,0.07293,1963.39,1,1,645.195,3223.07,4.9955
iteration,walltime (ms),walltime filter update (ms),max job walltime (ms),min_runners,max_runners,accumulated runner idle time,corresponding pdaf state per runner runner idle time,pdaf slack/melissa-da slack
0,6715.66,0.096779,1834.56,0,1,2024.35,2462.41,1.2164
1,5191.23,0.102216,1527.73,1,1,1362.6,2449.59,1.79772
2,7833.39,0.12478,1863.07,1,1,2184.68,1483.97,0.679259
3,5464.83,0.11215,1566.39,1,1,735.522,2368.78,3.22054
4,5867.97,0.039858,1733.63,1,1,2405.27,2801.93,1.16491
5,7096.53,0.061677,1867.13,1,1,3303.87,2240.9,0.678264
6,3770.71,0.07662,926.87,1,1,1594.12,865.5,0.542934
7,5481.03,0.114781,1840.58,1,1,0.913059,3723.57,4078.12
8,5874.49,0.039852,1841.94,1,1,2361.05,3337.04,1.41337
9,6606.52,0.095402,1969.11,1,1,645.632,3241.09,5.02003
iteration,walltime (ms),walltime filter update (ms),max job walltime (ms),min_runners,max_runners,accumulated runner idle time,corresponding pdaf state per runner runner idle time,pdaf slack/melissa-da slack
0,6709.51,0.056238,1833.8,0,1,2118.47,2463.47,1.16286
1,5191.22,0.013695,1528.48,1,1,1364.56,2452.65,1.79739
2,7818.73,0.088563,1861.44,1,1,2178.03,1492.02,0.685034
3,5496.12,0.017588,1573.73,1,1,736.941,2375.28,3.22316
4,5867.64,0.043536,1732.91,1,1,2406.13,2798.26,1.16297
5,7087.31,0.201968,1862.1,1,1,3303.68,2226.15,0.673839
6,3754.22,0.049362,919.843,1,1,1593.04,848.704,0.532758
7,5489.3,0.05817,1840.94,1,1,0.839626,3718.95,4429.3
8,5887.86,0.054742,1846.67,1,1,2363.43,3347.03,1.41617
9,6621.85,0.153745,1968.82,1,1,644.294,3224.31,5.00441
iteration,walltime (ms),walltime filter update (ms),max job walltime (ms),min_runners,max_runners,accumulated runner idle time,corresponding pdaf state per runner runner idle time,pdaf slack/melissa-da slack
0,6705.41,0.024059,1832.52,0,1,2108.35,2460.14,1.16686
1,5203.91,0.148831,1532.29,1,1,1367.23,2466.02,1.80367
2,7822.88,0.401958,1861.27,1,1,2191.16,1486.84,0.67856
3,5483.33,0.034728,1572.02,1,1,736.814,2378.33,3.22786
4,5879.47,6.87116,1731.94,1,1,2410.44,2815.92,1.16822
5,7114.98,0.018039,1869.11,1,1,3306.25,2235.99,0.676293
6,3788.06,0.081079,929.843,1,1,1591.15,862.853,0.542282
7,5484.61,0.281147,1849.05,1,1,1.21642,3763.26,3093.73
8,5880.14,0.048584,1840.57,1,1,2365.3,3334.62,1.40981
9,6612.77,0.527782,1969.1,1,1,645.693,3236.9,5.01306
iteration,walltime (ms),walltime filter update (ms),max job walltime (ms),min_runners,max_runners,accumulated runner idle time,corresponding pdaf state per runner runner idle time,pdaf slack/melissa-da slack
0,6713.23,0.046547,1832.04,0,1,2113,2450.58,1.15976
1,5189.46,0.145145,1529.83,1,1,1360.12,2464.03,1.81163
2,7820.06,0.036631,1862.28,1,1,2182.05,1493.45,0.684425
3,5476.66,0.082079,1567.69,1,1,735.043,2363.41,3.21533
4,5861.34,0.027008,1729.22,1,1,2403.49,2785.89,1.1591
5,7091.06,0.058585,1863.31,1,1,3304.07,2226.74,0.673938
6,3757.85,2.11038,920.648,1,1,1596.47,857.242,0.53696
7,5478.12,0.049812,1842.45,1,1,5.80903,3740.58,643.924
8,5876.34,0.105452,1842.47,1,1,2362.92,3338.33,1.4128
9,6606.93,0.032825,1962.27,1,1,648.262,3208.62,4.94957
iteration,walltime (ms),walltime filter update (ms),max job walltime (ms),min_runners,max_runners,accumulated runner idle time,corresponding pdaf state per runner runner idle time,pdaf slack/melissa-da slack
0,6725.39,0.101852,1832.63,0,1,2115.66,2443,1.15472
1,5193.15,0.092222,1529.27,1,1,1363.35,2456.59,1.80187
2,7814.43,0.201069,1855.31,1,1,2182.96,1471.29,0.673989
3,5496.43,0.041197,1568.55,1,1,735.36,2347.8,3.19273
4,5873.11,0.047169,1733.17,1,1,2406.89,2795.23,1.16134
5,7100.5,0.028546,1862.2,1,1,3309.67,2215.98,0.669548
6,3754.87,0.045691,920.418,1,1,1591.66,849.227,0.533549
7,5490.17,0.043102,1847,1,1,2.75888,3748.23,1358.61
8,5887.3,0.036805,1842.93,1,1,2364.35,3329,1.408
9,6614.98,0.031933,1970.9,1,1,647.564,3243.33,5.00851
iteration,walltime (ms),walltime filter update (ms),max job walltime (ms),min_runners,max_runners,accumulated runner idle time,corresponding pdaf state per runner runner idle time,pdaf slack/melissa-da slack
0,6761.18,0.056813,1835.96,0,1,2144.02,2463.92,1.1492
1,5205.44,0.09145,1530.9,1,1,1365.72,2457.15,1.79916
2,7827.77,0.139319,1861.34,1,1,2177.05,1485.46,0.682327
3,5497.26,0.064269,1570.93,1,1,729.428,2360.68,3.23634
4,5948.23,0.060901,1759.06,1,1,2409.27,2853.54,1.1844
5,7113.31,0.140042,1871,1,1,3301.4,2244.03,0.67972
6,3817.01,0.081435,947.548,1,1,1600.96,931.306,0.581717
7,5535.81,1.46777,1844.91,1,1,12.4878,3710.26,297.11
8,5922.16,0.015638,1858.94,1,1,2371.79,3378.02,1.42425
9,6624.97,2.48157,1967.79,1,1,646.721,3233.08,4.99919
iteration,walltime (ms),walltime filter update (ms),max job walltime (ms),min_runners,max_runners,accumulated runner idle time,corresponding pdaf state per runner runner idle time,pdaf slack/melissa-da slack
0,6770.43,0.089804,1833.82,0,1,2134.91,2433.74,1.13997
1,5220.34,0.02483,1534.33,1,1,1356.38,2453.1,1.80856
2,7851.26,4.41996,1863.67,1,1,2179.5,1492.11,0.684611
3,5532.54,0.035851,1572.12,1,1,734.182,2335.26,3.18077
4,5931.44,3.37012,1750.08,1,1,2394.17,2838.72,1.18568
5,7100.22,0.025099,1866.4,1,1,3292.23,2234.53,0.67873
6,3779.97,0.072085,923.158,1,1,1599.92,845.582,0.528514
7,5560.68,4.29172,1864.43,1,1,6.44543,3785.95,587.385
8,5895.7,0.26314,1850.37,1,1,2337.16,3362.91,1.43889
9,6632.66,1.21941,1977.15,1,1,624.711,3261.35,5.22056
iteration,walltime (ms),walltime filter update (ms),max job walltime (ms),min_runners,max_runners,accumulated runner idle time,corresponding pdaf state per runner runner idle time,pdaf slack/melissa-da slack
0,6764.5,0.137915,1848.68,0,1,2106.22,2490.52,1.18246
1,5205.69,0.459793,1528.81,1,1,1362.62,2444.31,1.79383
2,7834.31,0.129002,1867.5,1,1,2185.5,1511.33,0.691527
3,5517.2,0.529619,1568.35,1,1,734.477,2329.78,3.17202
4,5909.8,0.392813,1739.93,1,1,2424.76,2808.57,1.15829
5,7171.11,0.039059,1881.6,1,1,3310.33,2239.56,0.676538
6,3795.75,10.152,926.646,1,1,1615.08,895.655,0.554559
7,5523.61,0.735887,1849.79,1,1,4.75753,3733.58,784.771
8,5973.43,0.101104,1847.78,1,1,2367.73,3309.15,1.3976
9,6668.06,0.715851,1971.87,1,1,659.72,3212.97,4.8702
iteration,walltime (ms),walltime filter update (ms),max job walltime (ms),min_runners,max_runners,accumulated runner idle time,corresponding pdaf state per runner runner idle time,pdaf slack/melissa-da slack
0,6781.66,0.087995,1874.37,0,1,2113.4,2604.45,1.23235
1,5237.9,3.51918,1530.63,1,1,1367.86,2435.68,1.78065
2,7862.62,0.062476,1867.81,1,1,2182.83,1480.7,0.678338
3,5502.93,0.026255,1570.65,1,1,734.228,2353.64,3.2056
4,5904.46,0.520721,1741.52,1,1,2422.01,2809.03,1.15979
5,7128.83,0.040138,1867.89,1,1,3331.89,2242.44,0.673025
6,3788.16,0.370782,924.023,1,1,1605.85,851.256,0.530096
7,5579.97,4.4498,1869.17,1,1,17.4818,3803.73,217.582
8,5903.54,0.184372,1843.96,1,1,2372.9,3329.49,1.40313
9,6635.95,0.601039,1975.4,1,1,647.356,3248.04,5.01739
iteration,walltime (ms),walltime filter update (ms),max job walltime (ms),min_runners,max_runners,accumulated runner idle time,corresponding pdaf state per runner runner idle time,pdaf slack/melissa-da slack
0,6781.4,0.351442,1847.5,0,1,2124.35,2470.9,1.16314
1,5249.94,0.079346,1540.31,1,1,1379.56,2464.7,1.78659
2,7868.43,3.95468,1867.29,1,1,2207.26,1510.2,0.684195
3,5525,0.190707,1567.23,1,1,746.104,2316.52,3.10482
4,5892.37,1.25082,1743.24,1,1,2403.65,2831.42,1.17797
5,7142.19,0.179421,1876.68,1,1,3326.47,2256.56,0.678365
6,3795.05,1.13588,936.452,1,1,1598.35,898.054,0.561863
7,5553.53,0.318026,1870.31,1,1,5.08106,3805.42,748.941
8,5943.4,0.257554,1854.07,1,1,2372.49,3353.2,1.41337
9,6642.58,0.687166,1969.49,1,1,647.411,3210.58,4.95911
iteration,walltime (ms),walltime filter update (ms),max job walltime (ms),min_runners,max_runners,accumulated runner idle time,corresponding pdaf state per runner runner idle time,pdaf slack/melissa-da slack
0,6769.91,1.37318,1857.34,0,1,2139.06,2541.19,1.188
1,5220.14,0.061718,1528.74,1,1,1379.96,2442.77,1.77017
2,7874.97,1.36213,1886.17,1,1,2172.02,1571.88,0.723695
3,5517.36,2.43504,1570.28,1,1,738.531,2348.71,3.18025
4,5917.24,0.286248,1734.58,1,1,2406.56,2761.95,1.14767
5,7142.02,0.858471,1885.55,1,1,3318.76,2305.98,0.694832
6,3805.93,0.111889,924.26,1,1,1598.98,841.541,0.526299
7,5515.38,0.490365,1851.68,1,1,2.39636,3759.62,1568.89
8,5919.17,0.027797,1845.42,1,1,2377.27,3309.74,1.39225
9,6635.05,1.67677,1980.94,1,1,646.495,3281.09,5.07519
iteration,walltime (ms),walltime filter update (ms),max job walltime (ms),min_runners,max_runners,accumulated runner idle time,corresponding pdaf state per runner runner idle time,pdaf slack/melissa-da slack
0,6760.08,0.062221,1838.63,0,1,2127.17,2454.58,1.15392
1,5210.88,0.308662,1532.48,1,1,1367.53,2459.57,1.79855
2,7886.27,0.083515,1871.86,1,1,2187.44,1490.39,0.681342
3,5495.65,0.397204,1574.41,1,1,731.833,2380.43,3.25269
4,5916.27,0.246308,1735.46,1,1,2429.28,2784.47,1.14621
5,7112.74,0.386096,1873.06,1,1,3308.06,2261.8,0.683725
6,3787.06,0.093115,922.601,1,1,1592.34,832.869,0.523047
7,5513.95,0.066859,1845.79,1,1,3.68547,3722.68,1010.1
8,5906.22,0.300048,1859.34,1,1,2348.47,3396.18,1.44612
9,6644.99,0.535085,1976.09,1,1,645.745,3243.89,5.02348
iteration,walltime (ms),walltime filter update (ms),max job walltime (ms),min_runners,max_runners,accumulated runner idle time,corresponding pdaf state per runner runner idle time,pdaf slack/melissa-da slack
0,6772.9,0.033908,1835.88,0,1,2108.33,2426.85,1.15108
1,5248,0.024528,1539.11,1,1,1379.06,2460.25,1.78401
2,7838.43,0.068449,1860.28,1,1,2171.15,1465.06,0.674784
3,5501.22,0.06543,1571.26,1,1,736.065,2356.99,3.20214
4,5896.17,0.046034,1751.93,1,1,2408.52,2867.3,1.19048
5,7118.75,3.78678,1867.96,1,1,3310.36,2242.69,0.677476
6,3778.11,1.20526,918.141,1,1,1605.1,830.286,0.517279
7,5531.02,2.92045,1843.51,1,1,10.4874,3711.05,353.858
8,5897.07,0.030306,1845.37,1,1,2365.44,3339.2,1.41166
9,6631.58,0.088993,1976.77,1,1,645.741,3257.84,5.04512
iteration,walltime (ms),walltime filter update (ms),max job walltime (ms),min_runners,max_runners,accumulated runner idle time,corresponding pdaf state per runner runner idle time,pdaf slack/melissa-da slack
0,6738.79,0.488037,1835.04,0,1,2120.07,2456.12,1.15851
1,5234.87,0.193413,1532.96,1,1,1366.91,2433.99,1.78065
2,7849.21,17.6734,1862.52,1,1,2197.07,1553.65,0.707146
3,5513.01,0.105786,1570.01,1,1,736.512,2348.27,3.18837
4,5907.36,0.091252,1730.24,1,1,2417.63,2757.84,1.14072
5,7164.89,0.08338,1868.1,1,1,3303.56,2187.53,0.662174
6,3790.4,5.35641,922.531,1,1,1610.65,863.82,0.536316
7,5551.76,0.103676,1872.57,1,1,9.07802,3821.27,420.937
8,5919.79,0.046234,1848.01,1,1,2372.2,3330.69,1.40405
9,6633.39,1.19807,1966.81,1,1,656.538,3218.26,4.90187
iteration,walltime (ms),walltime filter update (ms),max job walltime (ms),min_runners,max_runners,accumulated runner idle time,corresponding pdaf state per runner runner idle time,pdaf slack/melissa-da slack
0,6809.66,0.628365,1885.45,0,1,2129.47,2641.21,1.24031
1,5270.15,0.809931,1534.93,1,1,1382.64,2431.88,1.75887
2,7842.43,0.644153,1855.32,1,1,2194.01,1446.58,0.659333
3,5519.65,0.13686,1566.68,1,1,742.413,2323.4,3.12952
4,5912.11,0.044749,1748.07,1,1,2402.7,2839.64,1.18185
5,7134.71,1.70243,1866.69,1,1,3310.03,2219.38,0.670502
6,3812.74,14.1409,922.618,1,1,1615.17,881.198,0.545577
7,5543.86,0.031691,1851.02,1,1,11.2286,3724.36,331.685
8,5898.59,4.1932,1848.12,1,1,2369.93,3365.48,1.42008
9,6624.97,0.037655,1967.99,1,1,649.426,3221.64,4.96075
iteration,walltime (ms),walltime filter update (ms),max job walltime (ms),min_runners,max_runners,accumulated runner idle time,corresponding pdaf state per runner runner idle time,pdaf slack/melissa-da slack
0,6779.03,0.074535,1843.64,0,1,2110.37,2455.93,1.16374
1,5201.48,0.13559,1533.26,1,1,1360.05,2470.57,1.81653
2,7834.31,0.484935,1863.94,1,1,2176.76,1496.03,0.687274
3,5531.92,0.481183,1573.4,1,1,734.44,2340.58,3.18689
4,5905.52,0.068959,1749.93,1,1,2416.32,2848.1,1.17869
5,7136.04,3.1947,1870.32,1,1,3309.04,2233.06,0.674837
6,3781.08,0.032868,921.699,1,1,1600.02,838.316,0.523942
7,5553.07,2.88138,1849.44,1,1,12.2286,3718.38,304.072
8,5904.83,7.80014,1844.19,1,1,2377.85,3359.43,1.4128
9,6641.89,2.90003,1969.93,1,1,657.509,3238.87,4.92597
iteration,walltime (ms),walltime filter update (ms),max job walltime (ms),min_runners,max_runners,accumulated runner idle time,corresponding pdaf state per runner runner idle time,pdaf slack/melissa-da slack
0,6775.31,0.04412,1839.12,0,1,2117.12,2439.16,1.15211
1,5212.09,0.204288,1531.86,1,1,1373.19,2457.23,1.78943
2,7845.77,0.052159,1862.59,1,1,2189.05,1476.66,0.674566
3,5497.06,0.226388,1571.93,1,1,728.926,2368.42,3.24919
4,5893.16,0.370478,1734.75,1,1,2395.75,2785.06,1.1625
5,7111.44,1.99802,1866.52,1,1,3316.3,2235.89,0.674213
6,3805.5,0.46615,929.451,1,1,1599.72,857.022,0.535731
7,5511,0.123504,1843.69,1,1,7.36934,3720.12,504.81
8,5962.21,0.249006,1850.94,1,1,2377.14,3307.43,1.39135
9,6650.94,3.7189,1981.62,1,1,661.104,3286.27,4.97088
iteration,walltime (ms),walltime filter update (ms),max job walltime (ms),min_runners,max_runners,accumulated runner idle time,corresponding pdaf state per runner runner idle time,pdaf slack/melissa-da slack
0,6751.9,0.416579,1853.63,0,1,2117.24,2525.15,1.19266
1,5247.06,0.841994,1530.72,1,1,1379.52,2417.5,1.75242
2,7892.64,1.02182,1879.86,1,1,2194.6,1529.98,0.697159
3,5518.05,0.080552,1567.38,1,1,739.037,2324.75,3.14565
4,5893.38,3.08291,1740.46,1,1,2410.63,2830.93,1.17435
5,7165.92,0.015815,1876.48,1,1,3321.73,2236.58,0.673317
6,3814.75,0.064322,950.801,1,1,1591.73,946.41,0.594579
7,5538.59,0.932989,1851.53,1,1,10.3106,3733.65,362.118
8,5978.32,1.85283,1851.79,1,1,2372.44,3293.33,1.38816
9,6653.31,2.27229,1975.99,1,1,650.634,3244.06,4.98601
iteration,walltime (ms),walltime filter update (ms),max job walltime (ms),min_runners,max_runners,accumulated runner idle time,corresponding pdaf state per runner runner idle time,pdaf slack/melissa-da slack
0,8307.27,0.388123,1834.13,0,1,2108.53,2461.97,1.16763
1,5215.24,0.589206,1529.96,1,1,1364.7,2440.92,1.78861
2,7821.86,0.147801,1866.17,1,1,2191.02,1517.58,0.692637
3,5478.79,0.15341,1568.95,1,1,736.62,2367.87,3.21451
4,5920.17,0.035358,1734.99,1,1,2429.31,2782.65,1.14545
5,7114.84,1.02083,1867.4,1,1,3301.28,2231.37,0.675909
6,3778.23,0.139443,933.313,1,1,1596.66,894.27,0.560087
7,5519.59,0.057242,1865.32,1,1,7.56794,3815.13,504.117
8,5936.42,0.121687,1849.36,1,1,2384.01,3329.19,1.39646
9,6629.26,0.146544,1961.88,1,1,643.667,3182.85,4.94487
iteration,walltime (ms),walltime filter update (ms),max job walltime (ms),min_runners,max_runners,accumulated runner idle time,corresponding pdaf state per runner runner idle time,pdaf slack/melissa-da slack
0,8319.53,1.574,1835.15,0,1,2131.38,2468.55,1.15819
1,5220.78,0.301373,1533.68,1,1,1358.21,2457.05,1.80904
2,7813.05,0.128268,1853.56,1,1,2183.45,1456.67,0.667143
3,5500.03,3.03716,1565.02,1,1,708.205,2344.96,3.31113
4,5924.08,0.928407,1760.22,1,1,2412.62,2894.98,1.19993
5,7118.84,0.052139,1859.83,1,1,3313.6,2196.63,0.662913
6,3769.25,0.034364,920.95,1,1,1593.58,849.154,0.53286
7,5516.61,0.159409,1862.47,1,1,1.58294,3802.17,2401.96
8,5888.96,0.056585,1847.53,1,1,2362.67,3350.31,1.41802
9,6638.66,0.059083,1970.43,1,1,660.094,3222.54,4.88195
iteration,walltime (ms),walltime filter update (ms),max job walltime (ms),min_runners,max_runners,accumulated runner idle time,corresponding pdaf state per runner runner idle time,pdaf slack/melissa-da slack
0,8328.81,0.18963,1841.41,0,1,2120.94,2472.69,1.16585
1,5206.45,0.072703,1531.66,1,1,1364.16,2459.37,1.80285
2,7837.68,0.052184,1863.61,1,1,2182.9,1483.33,0.679521
3,5499.46,0.31364,1582.41,1,1,733.299,2415.82,3.29446
4,5934.77,0.220554,1741.99,1,1,2415.81,2790.67,1.15517
5,7098.95,0.138889,1860.41,1,1,3315.06,2222.16,0.670323
6,3765.89,0.153263,924.952,1,1,1594.23,861.72,0.540523
7,5494.73,0.860583,1839.41,1,1,12.0364,3719.78,309.044
8,5926.22,0.489271,1840.16,1,1,2385.78,3301.79,1.38395
9,6643.14,0.048316,1966.88,1,1,645.925,3193.28,4.94373
iteration,walltime (ms),walltime filter update (ms),max job walltime (ms),min_runners,max_runners,accumulated runner idle time,corresponding pdaf state per runner runner idle time,pdaf slack/melissa-da slack
0,8323.41,0.798572,1838.53,0,1,2119.68,2471.22,1.16585
1,5193.15,0.503352,1527.68,1,1,1364.37,2451.09,1.79649
2,8519.17,0.056684,2132.38,1,1,2181.15,2150.64,0.986008
3,5513.55,2.39646,1580.39,1,1,749.202,2414.98,3.2234
4,5856.28,0.551028,1730.98,1,1,2401.83,2803,1.16702
5,7111.71,0.508036,1876.25,1,1,3296.26,2275.25,0.690252
6,3785.08,0.05641,930.787,1,1,1604.84,884.172,0.550939
7,5491.09,0.072795,1845.14,1,1,2.04313,3738.12,1829.6
8,5874.22,1.19839,1842.99,1,1,2360.7,3349.15,1.41871
9,6608.75,0.664138,1967.35,1,1,646.057,3233.77,5.0054
iteration,walltime (ms),walltime filter update (ms),max job walltime (ms),min_runners,max_runners,accumulated runner idle time,corresponding pdaf state per runner runner idle time,pdaf slack/melissa-da slack
0,8304.36,0.862404,1831.63,0,1,2122.73,2453.74,1.15594
1,5204.18,0.06187,1527.9,1,1,1360.27,2440.08,1.79382
2,7826.56,1.11361,1859.97,1,1,2187.84,1484.12,0.678347
3,5484.25,0.137015,1567,1,1,737.679,2355.84,3.19359
4,5866.29,0.082054,1730.37,1,1,2406.99,2789.31,1.15884
5,7163.87,0.439532,1885.52,1,1,3304.37,2268.17,0.686415
6,3756.2,0.060073,920.664,1,1,1592.5,848.78,0.532986
7,5480.52,0.361779,1840.97,1,1,1.55652,3728.42,2395.36
8,5892.36,0.088295,1843.33,1,1,2365.51,3328.68,1.40717
9,6646.83,0.382734,1977.91,1,1,644.587,3247.54,5.03817
iteration,walltime (ms),walltime filter update (ms),max job walltime (ms),min_runners,max_runners,accumulated runner idle time,corresponding pdaf state per runner runner idle time,pdaf slack/melissa-da slack
0,5094.83,2.18786,1028.06,0,1,25.1663,71.6133,2.8456
1,5086.74,0.976065,1030.74,1,1,15.4046,84.7985,5.50476
2,5056.72,0.108022,1013.96,1,1,8.06781,17.7403,2.1989
3,5119.85,0.100555,1026.73,1,1,24.0133,49.298,2.05294
4,5093.82,0.05847,1033.56,1,1,1.27099,75.7432,59.5941
5,5122.3,0.893056,1038.35,1,1,22.2102,92.3933,4.15995
6,5100.91,3.11922,1034.15,1,1,11.5553,95.8478,8.29467
7,5058.02,0.15767,1018.66,1,1,9.2029,39.7047,4.31437
8,5094.47,1.00719,1023.02,1,1,22.0865,46.739,2.11618
9,5087.49,0.122366,1044.32,1,1,12.5568,139.729,11.1278
iteration,walltime (ms),walltime filter update (ms),max job walltime (ms),min_runners,max_runners,accumulated runner idle time,corresponding pdaf state per runner runner idle time,pdaf slack/melissa-da slack
0,5244.57,0.136791,1077.13,0,1,55.0414,190.758,3.46573
1,5073.65,0.021583,1016.88,1,1,27.5945,28.0488,1.01647
2,5080.41,0.063983,1016.99,1,1,16.8829,19.7274,1.16849
3,5132.35,0.137762,1070.78,1,1,24.1664,240.886,9.9678
4,5096.44,0.086481,1034.46,1,1,6.11274,82.4347,13.4857
5,5084.26,2.57496,1018.38,1,1,20.8119,40.7942,1.96014
6,5094.43,0.100132,1019.35,1,1,26.2267,31.3201,1.19421
7,5052.63,0.097295,1011.81,1,1,17.1071,15.0225,0.878144
8,5082.72,0.088583,1018.02,1,1,4.33755,20.2287,4.66362
9,5117.59,0.774671,1025.4,1,1,41.4089,53.9661,1.30325
iteration,walltime (ms),walltime filter update (ms),max job walltime (ms),min_runners,max_runners,accumulated runner idle time,corresponding pdaf state per runner runner idle time,pdaf slack/melissa-da slack
0,5103.86,0.12191,1030.33,0,1,20.2828,70.3721,3.46954
1,5136.18,0.600101,1039.56,1,1,8.9722,77.1451,8.59823
2,5071.52,0.022069,1033.89,1,1,19.3287,104.711,5.41738
3,5044.62,1.86049,1014.15,1,1,10.3019,37.7958,3.6688
4,5084.24,5.18091,1030.02,1,1,10.5841,98.6133,9.31714
5,5087.99,2.20217,1023.78,1,1,13.6308,55.0914,4.04169
6,5066.01,1.1299,1030.17,1,1,7.49507,98.1542,13.0958
7,5051.96,0.059764,1011.05,1,1,13.6682,9.56079,0.699493
8,5060.98,0.046614,1016.29,1,1,6.76794,21.9021,3.23615
9,5055.64,0.318845,1015.6,1,1,2.90952,35.8626,12.326
iteration,walltime (ms),walltime filter update (ms),max job walltime (ms),min_runners,max_runners,accumulated runner idle time,corresponding pdaf state per runner runner idle time,pdaf slack/melissa-da slack
0,5097.33,1.00741,1033.21,0,1,38.6424,107.764,2.78874
1,5063.09,0.280304,1022.07,1,1,6.53408,53.9325,8.25404
2,5118.26,0.027633,1032.94,1,1,15.0412,58.7988,3.9092
3,5057.35,0.287814,1016.32,1,1,8.12999,38.0611,4.68157
4,5051.24,0.121415,1012.91,1,1,4.8125,19.3132,4.01313
5,5083,0.358286,1020.11,1,1,19.9793,36.8159,1.8427
6,5090.09,0.138261,1031.31,1,1,2.49793,71.7635,28.7292
7,5103.04,0.026628,1027.94,1,1,7.21102,43.5656,6.04154
8,5074.73,0.025343,1016.07,1,1,24.4908,32.2346,1.31619
9,5090.88,0.07143,1029.28,1,1,11.9425,68.8399,5.7643
iteration,walltime (ms),walltime filter update (ms),max job walltime (ms),min_runners,max_runners,accumulated runner idle time,corresponding pdaf state per runner runner idle time,pdaf slack/melissa-da slack
0,5066.77,0.077726,1023.27,0,1,6.6409,67.9755,10.2359
1,5053.17,6.73096,1017.41,1,1,13.0451,80.3947,6.16284
2,5076.53,1.68108,1030.44,1,1,20.6853,96.6178,4.67085
3,5053.12,0.109394,1010.43,1,1,8.45272,16.5988,1.96372
4,5128.72,0.083848,1065.27,1,1,25.016,208.466,8.33332
5,5090.63,0.22621,1029.16,1,1,15.3516,70.7325,4.60749
6,5089.03,7.07697,1021.11,1,1,24.5076,65.1913,2.66004
7,5064.61,0.293697,1028.14,1,1,4.9498,82.6198,16.6915
8,5074.23,0.815294,1031.14,1,1,12.9106,92.0983,7.13356
9,5054.65,0.165415,1012.7,1,1,4.23368,13.8895,3.28071
